FirstForename,sex
Jack,B
Lewis,B
James,B
Logan,B
Daniel,B
Ryan,B
Aaron,B
Oliver,B
Liam,B
Jamie,B
Ethan,B
Alexander,B
Cameron,B
Finlay,B
Kyle,B
Adam,B
Harry,B
Matthew,B
Callum,B
Lucas,B
Nathan,B
Aiden,B
Dylan,B
Charlie,B
Connor,B
Thomas,B
Alfie,B
Joshua,B
William,B
Jayden,B
Andrew,B
Kai,B
Max,B
Ben,B
Samuel,B
Luke,B
Tyler,B
Rory,B
David,B
Michael,B
Riley,B
Noah,B
Cole,B
Joseph,B
John,B
Archie,B
Jacob,B
Fraser,B
Rhys,B
Ross,B
Calum,B
Jay,B
Josh,B
Euan,B
Mason,B
Owen,B
Sam,B
Leo,B
Robert,B
Scott,B
Leon,B
Robbie,B
Benjamin,B
Caleb,B
Oscar,B
Harris,B
Murray,B
Sean,B
Christopher,B
Kieran,B
Aidan,B
Jake,B
Evan,B
Kayden,B
Arran,B
Angus,B
Brodie,B
Ewan,B
Muhammad,B
Alex,B
Declan,B
Finn,B
Blair,B
Ollie,B
Reece,B
Corey,B
Kian,B
Harrison,B
Taylor,B
Kaiden,B
Kenzie,B
Cody,B
Craig,B
Mohammed,B
Calvin,B
Mark,B
Jude,B
Luca,B
Ciaran,B
George,B
Zak,B
Zac,B
Charles,B
Gregor,B
Hamish,B
Isaac,B
Harvey,B
Shay,B
Struan,B
Lee,B
Steven,B
Joe,B
Lennon,B
Patrick,B
Jason,B
Louis,B
Olly,B
Bailey,B
Marcus,B
Peter,B
Sebastian,B
Gabriel,B
Jackson,B
Zack,B
Ashton,B
Brandon,B
Reuben,B
Theo,B
Paul,B
Conor,B
Hayden,B
Lachlan,B
Ruaridh,B
Innes,B
Stuart,B
Jordan,B
Sonny,B
Alan,B
Blake,B
Zachary,B
Cooper,B
Ellis,B
Caiden,B
Fergus,B
Jakub,B
Zach,B
Findlay,B
Alistair,B
Elliot,B
Harley,B
Anthony,B
Callan,B
Filip,B
Louie,B
Lyle,B
Mohammad,B
Brody,B
Cayden,B
Cian,B
Marc,B
Danny,B
Shaun,B
Austin,B
Joel,B
Nicholas,B
Rio,B
Rocco,B
Dean,B
Jonathan,B
Carson,B
Duncan,B
Mitchell,B
Ruairidh,B
Stephen,B
Dominic,B
Kerr,B
Edward,B
Lloyd,B
Mackenzie,B
Martin,B
Ali,B
Henry,B
Kevin,B
Tom,B
Alasdair,B
Billy,B
Freddie,B
Keir,B
Levi,B
Junior,B
Allan,B
Campbell,B
Darren,B
Drew,B
Oskar,B
Arron,B
Ayden,B
Douglas,B
Frederick,B
Gary,B
Seth,B
Bruce,B
Kaleb,B
Maxwell,B
Richard,B
Rowan,B
Toby,B
Xander,B
Alastair,B
Colin,B
Finley,B
Jaxon,B
Keiran,B
Magnus,B
Mateusz,B
Mckenzie,B
Nathaniel,B
Felix,B
Grant,B
Zander,B
Antoni,B
Curtis,B
Kacper,B
Layton,B
Niall,B
Travis,B
Tristan,B
Adrian,B
Flynn,B
Hugh,B
Ian,B
Kaden,B
Kieron,B
Lochlan,B
Morgan,B
Nico,B
Ronan,B
Caelan,B
Christian,B
Jaden,B
Justin,B
Robin,B
Eli,B
Frankie,B
Lauchlan,B
Lennox,B
Marco,B
Mikey,B
Vincent,B
Arthur,B
Aston,B
Boyd,B
Casey,B
Dominik,B
Iain,B
Jaiden,B
Jan,B
Keegan,B
Mac,B
Marcel,B
Ruari,B
Rudy,B
Abdul,B
Bradley,B
Cohen,B
Damian,B
Damien,B
Dexter,B
Dillon,B
Elliott,B
Hugo,B
Leighton,B
Marley,B
Neil,B
Ruben,B
Szymon,B
Zane,B
Ahmed,B
Ayaan,B
Conner,B
Hector,B
Miller,B
Milo,B
Quinn,B
Reilly,B
Roman,B
Shane,B
Stewart,B
Brogan,B
Donald,B
Elijah,B
Hunter,B
Ibrahim,B
Jasper,B
Kane,B
Lukas,B
Michal,B
Nairn,B
Ramsay,B
Ruairi,B
Rudi,B
Simon,B
Barry,B
Bobby,B
Brian,B
Cruz,B
Eoin,B
Frazer,B
Jai,B
Jak,B
Jenson,B
Leyton,B
Muhammed,B
Nicolas,B
Patryk,B
Roan,B
Saul,B
Tommy,B
Abdullah,B
Aedan,B
Alfred,B
Arlo,B
Bartosz,B
Beau,B
Cailean,B
Clark,B
Daniyal,B
Eric,B
Graeme,B
Graham,B
Greg,B
Hamza,B
Jaxson,B
Johnny,B
Jonah,B
Marshall,B
Micah,B
Rayan,B
Reiss,B
Rohan,B
Ryley,B
Saif,B
Victor,B
Ajay,B
Brendan,B
Brooklyn,B
Carter,B
Coby,B
Cory,B
Dale,B
Gavin,B
Ivan,B
Kelvin,B
Kenneth,B
Kody,B
Mathew,B
Mikolaj,B
Miles,B
Mohamed,B
Myles,B
Olivier,B
Piotr,B
Rayyan,B
Shea,B
Wiktor,B
Brayden,B
Caden,B
Cain,B
Conall,B
Daryl,B
Devon,B
Emmanuel,B
Fletcher,B
Franciszek,B
Garry,B
Kalvin,B
Oliwier,B
Omar,B
Regan,B
Syed,B
Warren,B
Xavier,B
Aleksander,B
Asher,B
Danyl,B
Glen,B
Kris,B
Kyran,B
Lawrie,B
Lyall,B
Maison,B
Matteo,B
Murdo,B
Mylo,B
Phoenix,B
Stanley,B
Will,B
Zain,B
Andy,B
Anton,B
Armaan,B
Cairn,B
Conrad,B
Dawid,B
Derren,B
Francis,B
Gareth,B
Gordon,B
Haris,B
Jaydon,B
Joey,B
Leland,B
Leonardo,B
Maksymilian,B
Malcolm,B
Nikodem,B
Philip,B
Ruaraidh,B
Russell,B
Santiago,B
Shae,B
Shayne,B
Torin,B
Vinnie,B
Wojciech,B
Aarron,B
Ahmad,B
Aidyn,B
Albert,B
Alec,B
Amir,B
Antony,B
Archibald,B
Aydin,B
Baillie,B
Bryan,B
Calan,B
Cillian,B
Clay,B
Conlan,B
Connell,B
Cullen,B
Dara,B
Devin,B
Devlin,B
Donnie,B
Dorian,B
Dougal,B
Elias,B
Eoghan,B
Fionn,B
Fred,B
Glenn,B
Igor,B
Innis,B
Ismail,B
Jensen,B
Jimmy,B
Kobi,B
Korey,B
Laurence,B
Lucca,B
Luis,B
Musa,B
Natan,B
Olaf,B
Oran,B
Ray,B
Raymond,B
Reegan,B
Remy,B
Richie,B
Ritchie,B
Romeo,B
Ronnie,B
Rylan,B
Rylie,B
Troy,B
Tymon,B
Yousef,B
Yusuf,B
Aaran,B
Aden,B
Ally,B
Antonio,B
Bo,B
Cade,B
Callen,B
Carlo,B
Casper,B
Cormac,B
Damon,B
Darragh,B
Darryl,B
Davis,B
Derek,B
Eddie,B
Emil,B
Emilio,B
Enzo,B
Ewen,B
Frank,B
Guy,B
Hassan,B
Isa,B
Julian,B
Kade,B
Kaidyn,B
Kamil,B
Karol,B
Kenzi,B
Kole,B
Kristopher,B
Lincoln,B
Lochlann,B
Luka,B
Maciej,B
Malachy,B
Markus,B
Maximillian,B
Muir,B
Nikolas,B
Oisin,B
Otis,B
Pawel,B
Preston,B
Ralph,B
Rayhan,B
Reagan,B
Rehan,B
Rhuari,B
Rhyan,B
Roddy,B
Rylee,B
Sami,B
Sandy,B
Scot,B
Spencer,B
Stanislaw,B
Teejay,B
Theodore,B
Tomas,B
Tomasz,B
Tony,B
Tymoteusz,B
Wilson,B
Zakariya,B
Alessandro,B
Alexandre,B
Alisdair,B
Aran,B
Ari,B
Artur,B
Aryan,B
Ashwin,B
Aulay,B
Axel,B
Bernard,B
Bilal,B
Blaine,B
Brandan,B
Bryce,B
Bryden,B
Bryn,B
Calder,B
Cale,B
Cieran,B
Codey,B
Coen,B
Conal,B
Crawford,B
Daragh,B
Darwin,B
Dennis,B
Dermot,B
Eesa,B
Emilis,B
Eryk,B
Etienne,B
Faizan,B
Freddy,B
Fynn,B
Greig,B
Haroon,B
Haydn,B
Hubert,B
Hudson,B
Humza,B
Ivor,B
Jared,B
Jaydan,B
Jayson,B
Kabir,B
Kaidan,B
Kal,B
Kallan,B
Kenley,B
Khai,B
Kier,B
Kingsley,B
Kiran,B
Kodi,B
Koen,B
Konrad,B
Kristian,B
Kristofer,B
Kye,B
Kyron,B
Lleyton,B
Malachi,B
Maximilian,B
Maximus,B
Milosz,B
Montgomery,B
Munro,B
Nataniel,B
Nicol,B
Niko,B
Olli,B
Pierce,B
Reese,B
Reily,B
Rhyley,B
Rian,B
Roderick,B
Ronald,B
Rossi,B
Ruan,B
Sameer,B
Seumas,B
Shaye,B
Solomon,B
Taha,B
Timothy,B
Tobias,B
Ty,B
Usman,B
Abdirahman,B
Abel,B
Abraham,B
Adan,B
Adel,B
Alexzander,B
Alix,B
Ameer,B
Andrei,B
Aodhan,B
Arden,B
Arin,B
Arjun,B
Aron,B
Ayan,B
Ayman,B
Ayyan,B
Azaan,B
Azan,B
Baxter,B
Bentley,B
Blane,B
Bodhi,B
Braiden,B
Brandyn,B
Brendon,B
Bruno,B
Byron,B
Cadan,B
Cai,B
Chang,B
Chase,B
Chris,B
Codi,B
Codie,B
Cody-James,B
Colby,B
Colton,B
Conan,B
Conlon,B
Connal,B
Corbin,B
Corin,B
Cosmo,B
Daniels,B
Deacon,B
Declyn,B
Denis,B
Derry,B
Devyn,B
Dillan,B
Eachann,B
Eden,B
Edgar,B
Edmund,B
Erik,B
Fabian,B
Faris,B
Finnlay,B
Fionnlagh,B
Franco,B
Frederic,B
Gabrielius,B
Gene,B
Gerard,B
Ghulam,B
Gino,B
Gio,B
Haaris,B
Hasan,B
Hashim,B
Huzaifa,B
Ieuan,B
Ilyas,B
Imran,B
Isaiah,B
Ismaeel,B
Jac,B
Jace,B
Jamieson,B
Jayce,B
Jaydn,B
Jeremy,B
Jia,B
John-Paul,B
Jonathon,B
Jordon,B
Kaan,B
Kaelan,B
Kain,B
Kamran,B
Kamron,B
Kayleb,B
Keane,B
Keelan,B
Kegan,B
Kellen,B
Kevins,B
Kieren,B
Kobe,B
Koby,B
Krystian,B
Ksawery,B
Kyan,B
Laiton,B
Lance,B
Li,B
Loghan,B
Lomond,B
Luc,B
Macauley,B
Mack,B
Madden,B
Mahdi,B
Maksim,B
Mikail,B
Milan,B
Moses,B
Mustafa,B
Nikita,B
Noel,B
Norman,B
Phillip,B
Quentin,B
Raphael,B
Rayaan,B
Reigan,B
Reo,B
Ricky,B
Rico,B
Rogan,B
Roy,B
Salar,B
Samir,B
Samson,B
Seamus,B
Shahzaib,B
Smith,B
Sol,B
Sonni,B
Spike,B
T,B
Tai,B
Terence,B
Thom,B
Thomas-James,B
Thorfinn,B
Tian,B
Tyler-Jay,B
Tyreece,B
Tyrese,B
Tyrone,B
Wayne,B
Wen,B
Wilbur,B
Woody,B
Yazan,B
Yi,B
Yu,B
Yuvraj,B
Zakaria,B
Zayn,B
Aadam,B
Aarav,B
Aarran,B
Abderrahmane,B
Abdur-Rahman,B
Abdurrahman,B
Addison,B
Adeolu,B
Aditya,B
Aeron,B
Aethan,B
Affan,B
Ahsan,B
Akim,B
Alans,B
Alejandro,B
Aleksandrs,B
Alessio,B
Alexandru,B
Alister,B
Alvin,B
Amaan,B
Aman,B
Amar,B
Anas,B
Anders,B
Andrea,B
Andrzej,B
Anish,B
Annan,B
Anson,B
Arda,B
Argyll,B
Arman,B
Arnav,B
Arnold,B
Ash,B
Ashraf,B
Auley,B
Austen,B
Awais,B
Aydan,B
Aymen,B
Aziz,B
Bailie,B
Barri,B
Beinn,B
Blue,B
Borys,B
Brad,B
Bradan,B
Brady,B
Bradyn,B
Braeden,B
Bram,B
Branden,B
Braydon,B
Brennan,B
Brett,B
Broden,B
Brydon,B
Caeleb,B
Cailen,B
Callin,B
Carl,B
Carrick,B
Carrson,B
Cathal,B
Cezary,B
Charley,B
Chester,B
Chukwubuikem,B
Clayton,B
Clyde,B
Cobey,B
Cobie,B
Coden,B
Cohan,B
Coinneach,B
Coll,B
Connelly,B
Conon,B
Corbyn,B
Corran,B
Couper,B
Cyrus,B
Damion,B
Dane,B
Dante,B
Darach,B
Darron,B
Davie,B
Dax,B
Dayne,B
Deividas,B
Denholm,B
Deniz,B
Denver,B
Deon,B
Derin,B
Derrin,B
Diarmuid,B
Diego,B
Diesel,B
Dimitri,B
Dino,B
Dolan,B
Donovan,B
Dougie,B
Eamonn,B
Eben,B
Edwin,B
Ekam,B
Eliott,B
Elvis,B
Emanuel,B
Emerson,B
Emile,B
Erland,B
Ernest,B
Ernie,B
Eshan,B
Ethen,B
Fahad,B
Fahim,B
Fareed,B
Fredrik,B
Fynlay,B
Gerrard,B
Gibson,B
Gilbert,B
Giovanni,B
Gray,B
Grayson,B
Haiden,B
Haider,B
Hamid,B
Hao,B
Harlan,B
Harlie,B
Harlow,B
Harold,B
Hendrix,B
Herbert,B
Hong,B
Hussain,B
Idris,B
Ihsan,B
Irvine,B
Issa,B
Ivo,B
Jacek,B
Jackie,B
Jadon,B
Jaidan,B
Jaime,B
Jase,B
Javier,B
Jax,B
Jayden-James,B
Jayme,B
Jaysen,B
Jesse,B
Johan,B
Johannes,B
John-Robert,B
Johnnie,B
Jon,B
Jonasz,B
Jonny,B
Jorden,B
Josef,B
Joss,B
Jozef,B
Jun,B
Kael,B
Kallen,B
Kalvyn,B
Karam,B
Kavin,B
Kaydin,B
Kaylan,B
Keagan,B
Keaghan,B
Keanu,B
Keaton,B
Keenan,B
Keigan,B
Keiren,B
Keiron,B
Kelan,B
Kell,B
Kellan,B
Kerem,B
Keyaan,B
Khalid,B
Kiain,B
Kiegan,B
Killian,B
Kirk,B
Kit,B
Klay,B
Kohl,B
Konnor,B
Koray,B
Kori,B
Kornel,B
Kory,B
Krish,B
Krzysztof,B
Kuba,B
Kurtis,B
Kyeron,B
Kyler,B
Kyren,B
Laith,B
Laurie,B
Lawson,B
Leeroy,B
Leith,B
Lemuel,B
Lenny,B
Leonard,B
Leonid,B
Leslie,B
Lionel,B
Loic,B
Lorcan,B
Lucan,B
Ludovic,B
Lukasz,B
Lynden,B
Macaulay,B
Mackie,B
Mahmoud,B
Maksym,B
Mani,B
Mario,B
Marwan,B
Massimo,B
Matas,B
Mate,B
Mateo,B
Mathias,B
Matt,B
Maxi,B
Maxim,B
Maxime,B
Maxx,B
Mckinley,B
Mieszko,B
Miguel,B
Mikaeel,B
Millar,B
Mohanad,B
Murdoch,B
Murtaza,B
Naif,B
Nate,B
Nelson,B
Neo,B
Odhran,B
Odin,B
Orhan,B
Orran,B
Orrin,B
Ossian,B
Paddy,B
Padraig,B
Paton,B
Patrik,B
Pearse,B
Presley,B
Raees,B
Raegan,B
Rafael,B
Raiden,B
Raja,B
Rami,B
Ramin,B
Ramsey,B
Ranald,B
Rannoch,B
Rex,B
Rheagan,B
Rhian,B
Rhiley,B
Rhuraidh,B
Rhylen,B
Riyad,B
Rob,B
Rocky,B
Ronin,B
Ruadhan,B
Ruaidhri,B
Rui,B
Ryaan,B
Ryden,B
Rylen,B
Sammy,B
Sean-Paul,B
Seonaidh,B
Seoras,B
Shawn,B
Shayaan,B
Shayan,B
Sheldon,B
Sinclair,B
Sorley,B
Stevie,B
Sulaiman,B
Sylvan,B
T-Jay,B
Taio,B
Talha,B
Tate,B
Tay,B
Ted,B
Thiago,B
Tomass,B
Torren,B
Torrin,B
Travi,B
Tylor,B
Uilleam,B
Umair,B
Umar,B
Umer,B
Vakaris,B
Vaughn,B
Viggo,B
Viraj,B
Vojtech,B
Wilfred,B
Winston,B
Wyatt,B
Yahia,B
Yahya,B
Yan,B
Yousif,B
Yuan,B
Yuri,B
Zachariah,B
Zackary,B
Zakk,B
Zayan,B
Zenon,B
Ziyad,B
A-Jay,B
Aaban,B
Aaden,B
Aadi,B
Aadil,B
Aadyn,B
Aagat,B
Aahil,B
Aarnav,B
Aaron-John,B
Aaryn,B
Aashdon,B
Aaston,B
Abbad,B
Abbas,B
Abdalhai,B
Abdalkhalq,B
Abdelrahman,B
Abdelrauof,B
Abdorahman,B
Abdoul,B
Abdualeem,B
Abduallah,B
Abdul-Hakim,B
Abdul-Karim,B
Abdul-Nafi,B
Abdul-Rehman,B
Abdul-Samad,B
Abdula,B
Abdulhaq,B
Abdulkarim,B
Abdull,B
Abdulmohymen,B
Abdulrahim,B
Abdulrhman,B
Abdur,B
Abdur-Rahim,B
Abdurrhman,B
Abdusalam,B
Abe,B
Abedraouf,B
Abhinav,B
Abhiram,B
Abiola,B
Abobaker,B
Abubakar,B
Ace,B
Adabpreet,B
Adedimeji,B
Adeeb,B
Adejinmi,B
Adem,B
Adeswara,B
Adetayo,B
Adham,B
Adhamh,B
Adhvik,B
Adil,B
Adley,B
Adnan,B
Adrian-Lee,B
Adryell,B
Adyn,B
Affonso,B
Afton,B
Aghilas,B
Ahmet,B
Ahmid,B
Ahron,B
Aidan-Scott,B
Aidanlee,B
Aide,B
Aidi,B
Aidian,B
Aighan,B
Ainoras,B
Airen,B
Airil,B
Airyn,B
Aithan,B
Aj,B
Ajaipal,B
Ajmail,B
Aki,B
Akib,B
Akshaj,B
Akshar,B
Al-Houssen,B
Alan-John,B
Aland,B
Alasdhair,B
Alban,B
Aldrin,B
Aleister,B
Aleksandr,B
Aleksejs,B
Ales,B
Alexander-James,B
Alexandreau-Le-Prince,B
Alexin,B
Alfie-George,B
Alfie-John,B
Alick,B
Alistar,B
Alixander,B
Aliyan,B
Allen,B
Allister,B
Alphonsus,B
Alwaleed,B
Alwyn,B
Alyx,B
Alyxs,B
Amaar,B
Amad,B
Amadou,B
Amandeep,B
Amanjeet,B
Amanveer,B
Amin,B
Amine,B
Amiogho,B
Amirreza,B
Amitoj,B
Ammaar,B
Ammar,B
Amrit,B
Anaan,B
Anamol,B
Anayat,B
Anderson,B
Andre,B
Andreas,B
Andres,B
Andrius,B
Anees,B
Aneirin,B
Aneurin,B
Angelo,B
Aniket,B
Anir,B
Anis,B
Anizoba,B
Anjan,B
Anmol,B
Ansh,B
Antek,B
Anthany,B
Anthony-John,B
Anthony-Junior,B
Antoine,B
Anup,B
Aonghas,B
Aous,B
Aqeel,B
Aqil,B
Arainn,B
Arbaaz,B
Archie-Jay,B
Ardil,B
Areeb,B
Areen,B
Argyle,B
Arhaan,B
Arhab,B
Arian,B
Arien,B
Arihaant,B
Aristarkh,B
Ariz,B
Arjan,B
Arkadiusz,B
Arkle,B
Armaghan,B
Armando,B
Arne,B
Arnod,B
Aronas,B
Arris,B
Arryn,B
Arsal,B
Arsalan,B
Arshia,B
Arshveer,B
Arta,B
Arthor,B
Arturas,B
Arturs,B
Arun,B
Arvin,B
Aryaman,B
Asad,B
Ashley,B
Asim,B
Aslan,B
Aswin,B
Athanasios,B
Atholl,B
Atif,B
Atila,B
Attilio,B
Auob,B
Auryn,B
Austyn,B
Aveer,B
Avery,B
Aviral,B
Avyukt,B
Ayaz,B
Ayden-James,B
Ayham,B
Ayibatonye,B
Ayodeji,B
Ayomiyato,B
Ayoub,B
Ayush,B
Azaia,B
Azhar,B
Babatunde,B
Baden,B
Bailley,B
Bajan,B
Baldev,B
Balfour,B
Baljeet,B
Bambeli,B
Baran,B
Barclay,B
Bardia,B
Barna,B
Barnaby,B
Barrie,B
Bartek,B
Bartlomiej,B
Basim,B
Bassiru,B
Bay,B
Bayley,B
Bayly,B
Bence,B
Benedek,B
Benedict,B
Benicio,B
Benny,B
Berk,B
Bertram,B
Bion,B
Bison,B
Bixuan,B
Biyron,B
Blaike,B
Blayne,B
Blessings,B
Bobby-Joe,B
Boden,B
Boette,B
Boluwatife,B
Bosco,B
Boston,B
Bourdieu,B
Bowie,B
Braden,B
Bragi,B
Braidy,B
Braidyn-Drew,B
Branach,B
Brandin,B
Brandon-Lee,B
Brandonlee,B
Brannon,B
Braydin,B
Brenden,B
Brian-Thomas,B
Broc,B
Brodi,B
Brodie-Alexander,B
Brodyn,B
Brogen,B
Brogin,B
Bruan,B
Brydan,B
Brydyn,B
Buddy,B
C-Jay,B
Caddell,B
Cadyn-Lee,B
Caedan,B
Caeden,B
Cael,B
Caelahn,B
Caelin,B
Caesar,B
Cahir,B
Caiden-John,B
Caidyn-James,B
Cailin,B
Caillan,B
Caillen,B
Caillin,B
Cailloch,B
Cailob,B
Caine,B
Cainnech,B
Cairo,B
Cal,B
Calam,B
Calen,B
Calib,B
Callaghan,B
Calogero,B
Calvey,B
Calvyn,B
Caly,B
Cambell,B
Camilo,B
Camryn,B
Caolan,B
Carey,B
Carlos,B
Carlyle,B
Carson-Lewis,B
Carwyn,B
Casch,B
Cash,B
Cass,B
Cassius,B
Cavan,B
Cayan,B
Cayden-Lee,B
Caydin,B
Caydon,B
Caylan,B
Caylim,B
Ceiran,B
Celin,B
Celyn,B
Chace,B
Chad,B
Chael,B
Chaitanya,B
Chance,B
Charis,B
Charls,B
Chazael,B
Che,B
Che-Jaedon,B
Chetan,B
Chetanveer,B
Chia-Cheng,B
Chidozie,B
Chidubellum,B
Chidumebi,B
Chiemerie,B
Chimaihe,B
Chinedum,B
Chinonso,B
Chinwike,B
Chiwetel,B
Christiano,B
Chukwudubem,B
Chukwuebuka,B
Cianan,B
Cj,B
Clae,B
Clarke,B
Claude,B
Claudiu,B
Clement,B
Clint,B
Clinton,B
Clive,B
Clivejakson,B
Coben,B
Cobi-Dean,B
Cobin,B
Cobyn,B
Cochrane,B
Codylee,B
Codyn,B
Coel,B
Cohyn,B
Coire,B
Collin,B
Comhan,B
Comrie,B
Connall,B
Connan,B
Connar,B
Connon,B
Coray,B
Corben,B
Corbie,B
Corey-Jaidan,B
Corey-Lee,B
Corey-Ray,B
Corie,B
Cornelius,B
Corrigan,B
Corry,B
Corwen,B
Cox,B
Cristian,B
Cristofor,B
Cruize,B
Cruze,B
Csongor,B
Cuillin,B
Cully,B
Cupar,B
Cyd,B
Cye,B
Cyril,B
D'arcy,B
Daanish,B
Daanyaal,B
Daegan,B
Dael,B
Daimien,B
Dainis,B
Dainton,B
Dairis,B
Daivik,B
Daiwik,B
Dakarai,B
Dakota,B
Daley,B
Dalin,B
Dalton,B
Daly,B
Damir,B
Dan,B
Danaidh,B
Daney,B
Dani,B
Danial,B
Daniel-James,B
Daniele,B
Danielo,B
Danila,B
Danilo,B
Dannie,B
Danniel,B
Dannon,B
Danny-Junior,B
Danny-Lee,B
Danoush,B
Danyaal,B
Daoud,B
Darcy,B
Dario,B
Dariusz,B
Darko,B
Darnell,B
Darraich,B
Darrell,B
Darrin,B
Darroch,B
Daryn,B
Dastins,B
Datca,B
David-Jordan,B
Davide,B
Davidlee,B
Davy,B
Davyn,B
Dawood,B
Dawoud,B
Dawson,B
Dayle,B
Daylon,B
Dayn,B
Daynton,B
Dayu,B
De,B
Deacan,B
Deakan,B
Decklyn,B
Declan-Junior,B
Deco,B
Dee,B
Deegan,B
Deejay,B
Deimantas,B
Deklan,B
Deklin,B
Delano,B
Demnan,B
Dennon,B
Denzel,B
Deri,B
Derrak,B
Derrick,B
Derryn,B
Desmond,B
Dev,B
Devan,B
Devron,B
Dhilan,B
Dhillon,B
Dhruv,B
Diarmid,B
Diaz,B
Digby,B
Dilan,B
Dilbagh,B
Dilip,B
Dilraj,B
Dilveer,B
Dio,B
Dion,B
Dirko,B
Divy,B
Django,B
Dmitry,B
Domhnall,B
Dominiks,B
Dominykas,B
Don,B
Donald-James,B
Dougald,B
Dougall,B
Dovydas,B
Dray,B
Drever,B
Dubhglas,B
Dudek,B
Duncan-James,B
Duncan-Milan,B
Dustin,B
Dwayne,B
Dylan-Mckenzie,B
Dylan-Thomas,B
Dylin,B
Dyllen,B
Eamon,B
Earl,B
Eason,B
Eathan,B
Ed,B
Edan,B
Eden-Lionell,B
Edidiong,B
Edmond,B
Eduard,B
Efetobore,B
Efosa,B
Ehan,B
Ehsaan,B
Ehsan,B
Eimantas,B
Einar,B
Eion,B
Eisa,B
Ekenechukwu,B
El-Shadai,B
Elden,B
Elgar,B
Elias-Francis,B
Elija,B
Elio,B
Eliot,B
Elisha,B
Elohim,B
Eloi,B
Elwood,B
Emanuele,B
Emanuiel,B
Emiliano,B
Emir,B
Emirhan,B
Emlyn,B
Emre,B
Enea,B
Enes,B
Ennis,B
Enrikas,B
Enrique,B
Eparama,B
Eray,B
Eren,B
Erick,B
Erin,B
Erion,B
Erlend,B
Erskine,B
Ervin,B
Erwin,B
Esa,B
Esli,B
Essien,B
Ethan-Ali,B
Ethan-Paul,B
Etinosa,B
Evann,B
Everett,B
Evin,B
Ezel,B
Ezra,B
Fabien,B
Fabio,B
Fahd,B
Faheem,B
Faithrich,B
Faiz,B
Faizaan-Ul-Hassan,B
Fallon,B
Fan,B
Faraj,B
Fardin,B
Fareiz,B
Fares,B
Farrell,B
Faryl,B
Favoured,B
Fawwaz,B
Fayaaz,B
Fazeel,B
Fearghal,B
Federico,B
Feras,B
Fergal,B
Fergie,B
Fiachra,B
Filipe,B
Finbar,B
Findley,B
Finlaggan,B
Finnbarr,B
Finnley,B
Fintan,B
Finton,B
Fionan,B
Fizaan,B
Flinn,B
Floyd,B
Flyn,B
Flynne,B
Forbes,B
Ford,B
Forrest,B
Francisco,B
Franek,B
Franki,B
Frankie-Ray,B
Franky,B
Fraser-Lee,B
Frasier,B
Fredric,B
Fyfe,B
Fyvie,B
Gab,B
Gabe,B
Gabor,B
Gaetano,B
Galip,B
Gamaliel,B
Garland,B
Garvie,B
Garvveer,B
Gaspar,B
Gaspard,B
Gaura-Kisora,B
Gedeon,B
Geordie,B
Georgie,B
Gethin,B
Ghillies,B
Gian,B
Gianluca,B
Gideon,B
Gilson,B
Giulio,B
Giuseppe,B
Gizzy,B
Gleb,B
Glebs,B
Godwin,B
Goodluck,B
Gracjan,B
Grady,B
Graison,B
Grayden,B
Gregg,B
Gregoire,B
Gregory,B
Greyson,B
Griffin,B
Grzegorz,B
Gurdit,B
Gurditta,B
Guriopal,B
Gurrajvir,B
Gurseace,B
Gurseerit,B
Gursewak,B
Gursharan,B
Gustavs,B
Gvidas,B
Haadhi,B
Haadi,B
Haaziq,B
Hadee,B
Hadley,B
Hadyn,B
Haidarali,B
Haidn,B
Haig,B
Hakki,B
Halcro,B
Hamad,B
Hammad,B
Hamzah,B
Hamzh,B
Han,B
Hani,B
Hank,B
Hanley,B
Hanli,B
Hanno,B
Hanro,B
Hans,B
Hanzalah,B
Haoqi,B
Haozhe,B
Hardy,B
Harees,B
Harigovind,B
Harison,B
Harjas,B
Harlye,B
Harown,B
Harri,B
Harrison-Blake,B
Harry-James,B
Harvie,B
Hasen,B
Hashir,B
Hasnain,B
Haydan,B
Hayden-Mac,B
Haydyn,B
Haziim,B
Hazim,B
Heath,B
Heaven,B
Helgi,B
Hendry,B
Henendem-Obasi,B
Henley,B
Henrik,B
Henrique,B
Henryk,B
Hezekiah,B
Hiren,B
Hisham,B
Hitansh,B
Holiness,B
Howard,B
Howie,B
Hridhaan,B
Huck,B
Huey,B
Humayun,B
Humzah,B
Huratio,B
Husnain,B
Husnayn,B
Hussan,B
Iacov,B
Ibraheem,B
Ibrahem,B
Ideachi,B
Idriss,B
Ifeakanwanne,B
Ifeanyichukwu,B
Ignac,B
Ignacy,B
Igors,B
Ikechukwu,B
Ikenna,B
Ilan,B
Imaad,B
Iman,B
Immanuel,B
Imo,B
Indrid,B
Inness,B
Ioan,B
Ires,B
Iretemi,B
Irfan,B
Irtaza,B
Irvin,B
Is-Haaq,B
Isaak,B
Isaeah,B
Isah,B
Isaque,B
Ishaq,B
Isidoros,B
Isio,B
Israel,B
Issac,B
Issam,B
Isxaq,B
Iulian,B
Ivie,B
Izaan,B
Izak,B
Izakeel,B
Izaki,B
Izen,B
Izuwa,B
J,B
Jacen,B
Jacko-Square,B
Jacky,B
Jaco,B
Jacob-John,B
Jae,B
Jaelyn,B
Jaeyoun,B
Jafar,B
Jagjeevan,B
Jago,B
Jahan,B
Jaicob-David,B
Jaidon,B
Jailyn,B
Jaimie,B
Jais,B
Jaivon,B
Jaiyen,B
Jakob,B
Jamall,B
James-John,B
James-Paul,B
Jamey,B
Jamie-Junior,B
Jamie-Scott,B
Jamiey,B
Jamin,B
Janek,B
Janiece,B
Jann,B
Jannes,B
Jarlath,B
Jarron,B
Jarvie,B
Jarvis,B
Jase-James,B
Jashandeep,B
Jaskeerat,B
Jasper-John,B
Javed,B
Jawaad,B
Jaxen,B
Jaxxon,B
Jay-Dominic,B
Jay-J,B
Jay-Jay,B
Jay-Lee,B
Jay-P,B
Jay-Peter,B
Jay-Scott,B
Jayan,B
Jayanthsayee,B
Jayasekera,B
Jayden-Mckenzie,B
Jayden-Oliver,B
Jayden-Paul,B
Jayden-Sean,B
Jayden-Thomas,B
Jaydyn,B
Jaye,B
Jayk,B
Jaymes,B
Jaymie,B
Jayvn,B
Jayy,B
Jean,B
Jeb,B
Jeck,B
Jed,B
Jeden,B
Jedison,B
Jedrzej,B
Jeevun,B
Jefferson,B
Jeidan,B
Jem,B
Jeran,B
Jeremiah,B
Jeremiasz,B
Jerry,B
Jesujenyo,B
Ji,B
Jianle,B
Jianxuan,B
Jidechukwu,B
Jie,B
Jin,B
Jiri,B
Jiwan,B
Jiya,B
Jo,B
Joachim,B
Joahnny,B
Joao,B
Joash,B
Joe-Alexander,B
Joesph,B
John-Jaydyn,B
John-William,B
Johnalexander,B
Johnathan,B
Johnathon,B
Johnboy,B
Johnie,B
Johnjames,B
Johnmason,B
Johno,B
Johnston,B
Johnwilliam,B
Jolyon,B
Jon-Jo,B
Jon-Paul,B
Jonaide,B
Jonas,B
Jonathin,B
Jonnie,B
Jonnie-Scott,B
Jonpaul,B
Jonty,B
Joosep,B
Jordan-James,B
Jordi,B
Jordie,B
Jordin,B
Jordy,B
Jose,B
Josh-Jaden,B
Josh-James,B
Joshandeep,B
Joshua-Jack,B
Joshua-James,B
Josie,B
Jotham,B
Jovan,B
Jowaine,B
Juan,B
Judah,B
Jules,B
Junaid,B
Junayd,B
Junxi,B
Justin-Lee,B
Justis,B
Kadan,B
Kadian,B
Kadin,B
Kadir,B
Kadyn-Rhys,B
Kaelem,B
Kaelen,B
Kaelyn,B
Kah,B
Kahlin,B
Kai-Morgan,B
Kaian,B
Kaide,B
Kaiden-Scott,B
Kaidon,B
Kaii,B
Kaileb,B
Kailen,B
Kailin,B
Kaino,B
Kaio,B
Kairen,B
Kairoh,B
Kairon,B
Kaison,B
Kaivan,B
Kaiwei,B
Kaiyue,B
Kaizer,B
Kalan,B
Kaleem,B
Kalen,B
Kaleyll,B
Kalian,B
Kalib,B
Kalle,B
Kallum,B
Kam,B
Kameran,B
Kameron,B
Kamili,B
Kamrayn,B
Kamsiyochukwu,B
Kan,B
Kang,B
Kankanamge,B
Kanyin,B
Kar,B
Karambir,B
Karamo,B
Karanjeet,B
Karanjot,B
Kareem,B
Karim,B
Karl,B
Karolis,B
Karoly,B
Karsen,B
Karson,B
Karsson,B
Karsyn,B
Karter,B
Karthik,B
Kas,B
Kash,B
Kasim,B
Kasper,B
Kaya,B
Kaydhen,B
Kaydn,B
Kaydon,B
Kaylen,B
Kayler,B
Kaylib,B
Kaylob,B
Kayra,B
Kaysan,B
Kayson,B
Keanan,B
Keanen,B
Keaten,B
Keating,B
Kebron,B
Keelen,B
Keelyn,B
Keeran,B
Kei,B
Keighan,B
Keio,B
Keion,B
Keiran-Neely,B
Keith,B
Kelden,B
Kelly,B
Kelton,B
Kemal,B
Kenan,B
Kendo,B
Kendrix,B
Kennedy,B
Kenny,B
Kennzie,B
Kensei,B
Kenzie-Jay,B
Kenzie-Jo,B
Kenzie-William,B
Keon,B
Kereb,B
Kerrin,B
Kerwin,B
Keryn,B
Keshav,B
Kester,B
Kevir,B
Keyan,B
Khabat,B
Khaiden,B
Khaidyn,B
Khairin,B
Khalil,B
Khayden,B
Khaydian,B
Khian,B
Khodyn,B
Khol,B
Khris,B
Khrithick,B
Khurram,B
Khye,B
Khylan,B
Kialan,B
Kiayn,B
Kiean,B
Kiedis,B
Kiefer,B
Kien,B
Kierin,B
Kiern,B
Kierrin,B
Kilner,B
Kim,B
Kimathi,B
Kin,B
Kingston,B
Kinnan,B
Kinnon,B
Kirac,B
Kishan,B
Klajus,B
Knowledge,B
Koban,B
Kobie,B
Kobus,B
Koby-Joe,B
Kobyn,B
Kodey,B
Kodie,B
Kohdyn,B
Kohen,B
Kolvin,B
Kona,B
Konan,B
Konlay,B
Konnan,B
Korben,B
Korbin,B
Korbyn,B
Kordell,B
Kory-Leigh,B
Kosha,B
Kosma,B
Kristians,B
Kristofer-James,B
Kruz,B
Kruze,B
Kunal,B
Kurt,B
Kushal,B
Kuzey,B
Kyden,B
Kylan,B
Kymani,B
Kyrin,B
Kyro,B
Kyron-Shogun,B
Laeton,B
Laggan,B
Lailand,B
Laird,B
Lakshman,B
Lally,B
Landon,B
Lannon,B
Lansu,B
Lars,B
Lauden,B
Laughlan,B
Laughlin,B
Laurin,B
Lawrence,B
Layne,B
Layson,B
Laytn,B
Lazar,B
Lazarus,B
Leathan,B
Leeland,B
Leevi-Alexander,B
Leighton-James,B
Leighton-Kyle,B
Leighton-Quade,B
Leiland,B
Leim,B
Lenon,B
Leo-James,B
Leocartel,B
Leon-Rhys,B
Leonel,B
Leopold,B
Leri,B
Les,B
Letian,B
Leven,B
Lewis-Fraser,B
Lewis-Tyler,B
Lewy,B
Lewys,B
Leylan,B
Leyland,B
Leyun,B
Lhoghan,B
Liamthomas,B
Liibaan,B
Lincon,B
Lindyn,B
Linkin,B
Livi,B
Liviu,B
Lj,B
Ljay,B
Llayton,B
Llyal,B
Lochain,B
Lochlainn,B
Lochlyn,B
Logan-Lee,B
Logen,B
Loghain,B
Lok,B
Loken,B
Loklun,B
Lorenz,B
Lorenzo,B
Lorne,B
Lotfi,B
Louden,B
Loudon,B
Lough,B
Lovejoy,B
Lucais,B
Lucas-Jack,B
Lucas-James,B
Lucian,B
Lucjan,B
Ludwik,B
Lugano,B
Luigi,B
Lukis,B
Luwen,B
Lyam,B
Lydon,B
Lyll,B
Lynk,B
Lyotard,B
Maaz,B
Maazin,B
Macaully,B
Machlan,B
Macire,B
Mackay,B
Mackenzy,B
Maclaren,B
Macleod,B
Maddoch,B
Maddox,B
Madhava,B
Mads,B
Mael,B
Mahad,B
Mahbir,B
Mahckie,B
Mahmud,B
Maikls,B
Majd,B
Makenzie,B
Makoto,B
Malacay,B
Malachie,B
Malakai,B
Malaykai,B
Maleek,B
Malik,B
Maliki-Levi,B
Malin,B
Mandeep,B
Manis,B
Manjot,B
Manni,B
Manpreet,B
Manraj,B
Mansoor,B
Manuel,B
Manus,B
Manveer,B
Marc-Aurele,B
Marc-Joseph,B
Marc-Matthew,B
Marcello,B
Marcellus,B
Maris,B
Mariusz,B
Mark-Lee,B
Markas,B
Marko,B
Marsels,B
Marshall-Cameron,B
Martain,B
Marten,B
Marthinus,B
Martins,B
Marton,B
Martyn,B
Martynas,B
Marzio,B
Mason-James,B
Matej,B
Mathis,B
Matthis,B
Mattia,B
Mattias,B
Matus,B
Maurice,B
Maurley,B
Mauro,B
Maximillion,B
Maxym,B
Maxymilian,B
Mayson,B
Maziko,B
Mazin,B
Mcalister,B
Mccaullie,B
Mckenzi,B
Mckenzii,B
Mertcan,B
Meschac,B
Michael-Stephen,B
Micheal,B
Mickie,B
Mihir,B
Mike,B
Mikee,B
Mikey-Lee,B
Mikie,B
Miks,B
Milanas,B
Milind,B
Millan,B
Millen,B
Ming,B
Mirza,B
Miska,B
Mitchel,B
Mo,B
Moad,B
Moanes,B
Moazzam,B
Modechai,B
Modestas,B
Mohab,B
Mohammad-Deen,B
Mohid,B
Mohsin,B
Monique,B
Monroe,B
Monty,B
Moray,B
Morgan-Lee,B
Moritz,B
Morris,B
Morrison,B
Morten,B
Mortimer,B
Morven,B
Moryn,B
Mosab,B
Mosimiloluwa,B
Moss,B
Motasim,B
Mourade,B
Mousa,B
Mritunjay,B
Mrwan,B
Mu'ath,B
Muaad,B
Muaaz,B
Mueed,B
Muhammad-Ibrahim,B
Muhammad-Ishaq,B
Muhammad-Muaz,B
Muhammed-Zakariya,B
Muhammedarhum,B
Muhib,B
Mujahid,B
Mujtaba,B
Mukhtar,B
Mullen,B
Muneer,B
Mungo,B
Muntazir,B
Murphy,B
Murtadha,B
Mustapha,B
Muzamil,B
Mylez,B
Nade,B
Nadir,B
Naeem,B
Naill,B
Naithan,B
Najjibu,B
Nakeal,B
Nathan-James,B
Naythan,B
Neal,B
Nebi,B
Neelesh,B
Neeraj,B
Neeson,B
Neiko,B
Neithan,B
Nelwyn,B
Neon,B
Nevan,B
Ngai,B
Nicco,B
Nick,B
Nicky,B
Nika,B
Nikhil,B
Nikolaos,B
Niks,B
Nikson,B
Nile,B
Nils,B
Ninian,B
Nino,B
Nischal,B
Nishan,B
Niven,B
Noa,B
Noaah,B
Noe,B
Nsikakinamabasi,B
Nuha,B
Nyall,B
Nyran,B
Oakley,B
Obie,B
Oche,B
Ochriel,B
Odafeoghene,B
Ofodire,B
Ohian,B
Ohli,B
Oistin,B
Ojas,B
Olamilekan,B
Olatomiwa,B
Olegs,B
Olgierd,B
Oli,B
Olie,B
Olin,B
Olivet,B
Oliwer,B
Olley,B
Olly-Jude,B
Ollyver,B
Olufolayemi,B
Oluwafifunmi,B
Oluwamayomikun,B
Oluwasemilore,B
Oluwaseun,B
Oluwatamilore,B
Oluwatimilehin,B
Oluwatobiloba,B
Oluwatosato,B
Oluwatoyosi,B
Oluyemi,B
Om,B
Omer,B
Omkar,B
On,B
Ondrej,B
Onic,B
Orandy,B
Oreoluwa,B
Orfukondu,B
Orin,B
Orlando,B
Orrie,B
Orson,B
Osama,B
Osca,B
Oseze,B
Osgar,B
Osmond,B
Ostin,B
Othello,B
Otto,B
Owain,B
Owen-Clay,B
Owen-James,B
Ozan,B
Ozzi,B
Paa,B
Paarmik,B
Pablo,B
Pahulveer,B
Panashe,B
Paolo,B
Param,B
Parker,B
Parth,B
Pasha,B
Pat,B
Pattin,B
Paul-Junior,B
Paul-Michael,B
Paula,B
Paulius,B
Pavan,B
Pavel,B
Peadar,B
Percy,B
Peter-James,B
Petr,B
Peytros,B
Phil,B
Philippe,B
Phindamandla,B
Piers,B
Pieters,B
Pj,B
Plamen,B
Prabhjeet,B
Prakhar,B
Prannav,B
Premo,B
Prince,B
Prosper,B
Przemyslaw,B
Punnoose,B
Qays,B
Quin,B
Quincy,B
Quinnlan,B
Quinton,B
Raahil,B
Raahim,B
Rachata,B
Radek,B
Radko,B
Radleigh,B
Radovan,B
Radwan,B
Rae,B
Rafal,B
Raffat,B
Rafferty,B
Rahab,B
Rahib,B
Rahman,B
Rai,B
Raif,B
Raih,B
Raihan,B
Rajj,B
Rajvir,B
Ralfs,B
Rana,B
Rand,B
Ranulph,B
Ranveer,B
Raqayim,B
Rares,B
Rasmie,B
Rastislav,B
Ravindran,B
Rayhaan,B
Rayhane,B
Raymie,B
Raza,B
Reda,B
Reeve,B
Reggie,B
Regie,B
Reginald,B
Rehman,B
Reid,B
Reife,B
Reiff,B
Reiley,B
Reilley,B
Reimer,B
Rennie,B
Reno,B
Renz,B
Renzo,B
Ressan,B
Reuven,B
Rewon,B
Rhoan,B
Rhodi,B
Rhori,B
Rhuairdh,B
Rhuan,B
Rhuaridh,B
Rhudi,B
Rhuri,B
Rhylan,B
Rhylee,B
Rhyleigh,B
Riccardo,B
Ricki,B
Ridoy,B
Rielly,B
Rikijs,B
Riley-Boy,B
Riley-Joshua,B
Rino,B
Rio-James,B
Rion,B
Riordan,B
Ripley,B
Rithik,B
River,B
Roane,B
Roary,B
Robby,B
Robert-Jay,B
Robert-John,B
Roberto,B
Roch,B
Rodaidh,B
Rodel,B
Rogen,B
Roger,B
Rohen,B
Rohit,B
Rohnan,B
Roj,B
Roland,B
Romans,B
Ronon,B
Roosevelt,B
Roran,B
Rosco,B
Roshan,B
Roshik,B
Rowen,B
Rowin,B
Royal,B
Ruadhri,B
Ruary,B
Rubeinn,B
Rubin,B
Rubyn,B
Rudra,B
Ruen,B
Rufus,B
Runo,B
Rupert,B
Ruslan,B
Ryan-Andrew,B
Ryan-Junior,B
Ryan-Noah,B
Ryan-Oliver,B
Rylai,B
Ryland,B
Ryleigh,B
Rylyn,B
Rys,B
Ryukazu,B
Ryuto,B
Saad,B
Saail,B
Sabih,B
Sabyrzhan,B
Saeed,B
Saejin,B
Safdar,B
Safwaan,B
Sahad,B
Sahibdeep,B
Sahishnu,B
Sahmha,B
Saif-Ali,B
Sajjad,B
Sajmon,B
Saleh,B
Salem,B
Salman,B
Salvatore,B
Samiullah,B
Sampson,B
Samsidine,B
Samsor,B
Samual,B
Samyo,B
Sandiso,B
Sans,B
Saross,B
Sarthak,B
Sasha,B
Saud,B
Sayed,B
Scotty,B
Se,B
Seain,B
Sean-Luke,B
Sebastiano,B
Sebastien,B
Sebhjeet,B
Sehej,B
Seif,B
Seme-Skaedy,B
Semyon,B
Sephiroth,B
Seraj,B
Serkan,B
Seroud,B
Seumais,B
Sevag,B
Sewa,B
Seweryn,B
Shaan,B
Shaban,B
Shadan,B
Shadeen,B
Shahood,B
Shahzad,B
Shahzain,B
Shair,B
Shand,B
Shanmukha,B
Shaquille,B
Sharafeddean,B
Sharan,B
Sharmake,B
Shaydan'lee,B
Shayden,B
Shayn-Lee,B
Shen,B
Shenshah,B
Sheraz,B
Sheryarr,B
Shiva,B
Shivam,B
Shoaib,B
Shohomjyoti,B
Shonnie,B
Shree,B
Shreya,B
Shreyansh,B
Shunna,B
Siddharth,B
Sidhant,B
Sidney,B
Silas,B
Simbarashe,B
Sinai,B
Sinan,B
Siraj,B
Sirius,B
Slesh,B
Slessor,B
Sochima,B
Sofian,B
Sohail,B
Sohan,B
Sole,B
Solieman,B
Somhairle,B
Somto,B
Sonas,B
Sonila,B
Sonne,B
Sonnie,B
Soren,B
Soul,B
Spence,B
Sri,B
Sribatsa,B
Srinivas,B
Stafford,B
Starley,B
Stefan,B
Steffan,B
Steffano,B
Steven-Jnr,B
Stewart-Allan,B
Stirling,B
Stoyan,B
Subhan,B
Suhayb,B
Sukh,B
Sukhbeer,B
Sukrit,B
Suleman,B
Sunny,B
Sutherland,B
Sven,B
Sweyn,B
Tadeas,B
Tadiwanashe,B
Taevon,B
Tage,B
Tailer-Jay,B
Tain,B
Taine,B
Tait,B
Tajpreet,B
Tamaradeinyefa,B
Tamaro,B
Tameem,B
Tanay,B
Tanish,B
Tanmay,B
Tanzeer,B
Taonanyasha,B
Taranvir,B
Tarig,B
Tariq,B
Tark,B
Tarlach,B
Tawana-Nyasha,B
Tawananyasha,B
Tawanda,B
Tawfeequr,B
Tawsif,B
Taygen,B
Tayim,B
Taylon,B
Taylor-Jon,B
Teagan,B
Tearlach,B
Teddy,B
Teenaidy,B
Tejas,B
Tejay,B
Tejus,B
Temidayo,B
Teo,B
Teodor,B
Terna,B
Terry,B
Tessleem,B
Tevish,B
Texas,B
Thai,B
Thanda,B
Thaneesh,B
Thayne,B
Thomas-John,B
Thor,B
Tibor,B
Tidiane,B
Ties,B
Tiger,B
Timothe,B
Timothee,B
Tin,B
Tinashe,B
Ting,B
Tito,B
Tivon,B
Tiylor,B
Tj,B
Tobechukwu,B
Tobiasz,B
Tod,B
Todd,B
Toma,B
Tommi,B
Tomos,B
Toren,B
Torran,B
Torridon,B
Torrun,B
Torryn,B
Tory,B
Toryn,B
Towson,B
Travis-Clayton,B
Trent,B
Trevor,B
Trey,B
Tristen,B
Tristyn,B
Tumininu,B
Tunay,B
Turay,B
Tye,B
Tyem,B
Tyler-Jack,B
Tyler-Jackson,B
Tyler-Ross,B
Tymek,B
Tyron,B
Ubaidullah,B
Uchenna,B
Ugochukwu,B
Uriel,B
Urijah,B
Usef,B
Usher,B
Uvie,B
Uzair,B
Vaclav,B
Vaden,B
Vahit,B
Valdemars,B
Valentin,B
Vanya,B
Vatandavara,B
Veer,B
Vegas,B
Venkata,B
Vere,B
Vicente,B
Vidal,B
Vihaan,B
Viktor,B
Vilhelm,B
Vince,B
Vincenzo,B
Vinny,B
Visanda,B
Vishal,B
Vittorio,B
Volkan,B
Vuk,B
Wade,B
Wai-Kit,B
Waleed,B
Wali,B
Walker,B
Wallace,B
Wanya,B
Warrick,B
Wasee,B
Wei,B
Werner,B
Weston,B
Wil,B
Wilder,B
Wilf,B
Willam,B
Willie,B
Wincenty,B
Wojtek,B
Woodrow,B
Woodward,B
Wu,B
Xack,B
Xaiver,B
Xane,B
Xavier-Ian,B
Xavier-Troy,B
Xiang,B
Yacub,B
Yadin,B
Yael,B
Yafi,B
Yamin,B
Yanhong,B
Yanis,B
Yann,B
Yannai,B
Yannic,B
Yanzheng,B
Yaroslav,B
Yaseen,B
Yasin,B
Yasseen,B
Yasser,B
Yav,B
Yersultan,B
Yichen,B
Yiqi,B
Yixuan,B
Yoan,B
Yosef,B
Yosif,B
Yousief,B
Yousuf,B
Yue,B
Yuk-Chi,B
Yun,B
Yusef,B
Zac-James,B
Zachery,B
Zackaria,B
Zackery,B
Zaid,B
Zainedine,B
Zakariyya,B
Zakhele,B
Zal,B
Zarar,B
Zayaan,B
Zayd,B
Zaydan,B
Zayden,B
Zecoy,B
Zed,B
Zeeshan,B
Zen,B
Zeshan,B
Zhang-Francois,B
Zhi,B
Zhoucan,B
Zi,B
Zidan,B
Zidane,B
Ziggy,B
Zilong,B
Zinedine,B
Zion,B
Ziyu,B
Zohaib,B
Zygmunt,B
Sophie,G
Olivia,G
Ava,G
Emily,G
Isla,G
Lucy,G
Chloe,G
Ellie,G
Lily,G
Emma,G
Jessica,G
Erin,G
Katie,G
Amy,G
Grace,G
Holly,G
Hannah,G
Eva,G
Freya,G
Mia,G
Eilidh,G
Brooke,G
Charlotte,G
Ruby,G
Leah,G
Megan,G
Kayla,G
Millie,G
Anna,G
Niamh,G
Evie,G
Abbie,G
Aimee,G
Ella,G
Rebecca,G
Zoe,G
Maisie,G
Skye,G
Summer,G
Lauren,G
Abigail,G
Amelia,G
Sophia,G
Daisy,G
Sarah,G
Lexi,G
Amber,G
Caitlin,G
Isabella,G
Layla,G
Poppy,G
Molly,G
Cara,G
Eve,G
Keira,G
Lacey,G
Rachel,G
Mya,G
Orla,G
Iona,G
Paige,G
Hollie,G
Nicole,G
Maya,G
Elizabeth,G
Georgia,G
Zara,G
Taylor,G
Lilly,G
Lucie,G
Madison,G
Rosie,G
Julia,G
Lexie,G
Robyn,G
Imogen,G
Beth,G
Neve,G
Bethany,G
Amelie,G
Alice,G
Alicia,G
Maria,G
Carly,G
Faith,G
Rose,G
Sienna,G
Sofia,G
Courtney,G
Elise,G
Morgan,G
Naomi,G
Nieve,G
Emilia,G
Phoebe,G
Kara,G
Lola,G
Alyssa,G
Cerys,G
Melissa,G
Macy,G
Gracie,G
Lara,G
Maja,G
Scarlett,G
Alexandra,G
Casey,G
Heidi,G
Kayleigh,G
Abby,G
Caitlyn,G
Jasmine,G
Kaitlyn,G
Kelsey,G
Jennifer,G
Sara,G
Martha,G
Natasha,G
Darcy,G
Jenna,G
Maia,G
Rowan,G
Alexis,G
Carla,G
Maddison,G
Mollie,G
Miley,G
Annie,G
Charley,G
Darcey,G
Kate,G
Mirren,G
Hayley,G
Heather,G
Louise,G
Samantha,G
Ciara,G
Kirsty,G
Matilda,G
Nina,G
Alex,G
Esme,G
Laila,G
Libby,G
Alana,G
Anya,G
Jodie,G
Tia,G
Alexa,G
Danielle,G
Kacey,G
Peyton,G
Tegan,G
Gemma,G
Rachael,G
Zuzanna,G
Abbey,G
Alisha,G
Ayla,G
Hope,G
Lena,G
Milly,G
Ailsa,G
Angel,G
Callie,G
Connie,G
Katherine,G
Katy,G
Kiera,G
Natalia,G
Lois,G
Lucia,G
Payton,G
Willow,G
Abi,G
Charlie,G
Isabelle,G
Lana,G
Victoria,G
Chelsea,G
Demi,G
Kirsten,G
Laura,G
Leila,G
Sadie,G
Catriona,G
Natalie,G
Annabel,G
Bella,G
Carys,G
Eden,G
Elle,G
Hanna,G
Kyla,G
Orlaith,G
Gabriella,G
Isobel,G
Nadia,G
Shannon,G
Alesha,G
Bailey,G
Catherine,G
Louisa,G
Vanessa,G
Violet,G
Emilie,G
Eryn,G
Stephanie,G
Billie,G
Clara,G
Khloe,G
Macey,G
Mairi,G
Mary,G
Oliwia,G
Rosa,G
Stella,G
Teigan,G
Abbi,G
Aisha,G
Eleanor,G
Francesca,G
Gabrielle,G
Kaitlin,G
Kelsie,G
Nicola,G
Tilly,G
Amie,G
Ashley,G
Carmen,G
Ebony,G
Ellen,G
Hazel,G
Jade,G
Lillie,G
Maisy,G
Maryam,G
Annabelle,G
Cassie,G
Fatima,G
Fern,G
Gabriela,G
India,G
Morven,G
Murron,G
Savannah,G
Ellis,G
Emmy,G
Florence,G
Hayden,G
Macie,G
Madeleine,G
Yvie,G
Zofia,G
Claudia,G
Fiona,G
Georgina,G
Halle,G
Isabel,G
Kaci,G
Karis,G
Katelyn,G
Maggie,G
Michelle,G
Neive,G
Alicja,G
Ashleigh,G
Bonnie,G
Brogan,G
Cora,G
Eliza,G
Erica,G
Evelyn,G
Faye,G
Georgie,G
Kacie,G
Kathryn,G
Keeva,G
Kiara,G
Marley,G
Arianna,G
Ayesha,G
Caoimhe,G
Harriet,G
Iris,G
Joanna,G
Karly,G
Kimberley,G
Kira,G
Kyra,G
Marissa,G
Orlagh,G
Penny,G
Rhea,G
Riley,G
Teegan,G
Toni,G
Wiktoria,G
Zainab,G
Adele,G
Aleisha,G
Alison,G
Aoife,G
Brooklyn,G
Chantelle,G
Eloise,G
Elsie,G
Kasey,G
Lyla,G
Meghan,G
Mila,G
Neave,G
Rhona,G
Ria,G
Ruth,G
Tiana,G
Zahra,G
Aila,G
Alix,G
Ana,G
Bethan,G
Claire,G
Dakota,G
Esther,G
Farrah,G
Flora,G
Helena,G
Honor,G
Leigha,G
Lori,G
Lydia,G
Martyna,G
Mhairi,G
Michaela,G
Sinead,G
Aaliyah,G
Ailie,G
Alanna,G
Amira,G
Autumn,G
Baillie,G
Brianna,G
Carrie,G
Christina,G
Christine,G
Darcie,G
Dionne,G
Elisabeth,G
Hailey,G
Jemma,G
Josie,G
Kerry,G
Leona,G
Lia,G
Lisa,G
Luci,G
Mercedes,G
Miya,G
Sasha,G
Stacey,G
Tess,G
Thea,G
Yasmin,G
Aileigh,G
Ailish,G
Aleena,G
April,G
Chanelle,G
Chiara,G
Devon,G
Elena,G
Ellie-May,G
Esmee,G
Harley,G
Jenny,G
Jorja,G
Joy,G
Kali,G
Keeley,G
Kenzie,G
Leia,G
Leyla,G
Lila,G
Lottie,G
Tamzin,G
Tara,G
Teagan,G
Tiffany,G
Ailey,G
Aleeza,G
Amanda,G
Anaya,G
Annalise,G
Antonia,G
Beatrice,G
Beau,G
Cadence,G
Elsa,G
Fallon,G
Felicity,G
Hallie,G
Islay,G
Ivy,G
Jane,G
Josephine,G
Karina,G
Kathleen,G
Kennedy,G
Laci,G
Liliana,G
Maci,G
Mara,G
Mariam,G
Marnie,G
Miah,G
Murren,G
Noor,G
Rhian,G
Rhiannon,G
Rihanna,G
Roxanne,G
Tyler,G
Zoey,G
Adriana,G
Aleksandra,G
Alysha,G
Amiee,G
Anastasia,G
Andie,G
Andrea,G
Annabella,G
Charli,G
Demi-Leigh,G
Destiny,G
Elodie,G
Jamie,G
Jessie,G
Juliet,G
Kadie,G
Kaycee,G
Kaylah,G
Kaylee,G
Kelly,G
Kitty,G
Magdalena,G
May,G
Mirin,G
Mirrin,G
Myla,G
Nikola,G
Nuala,G
Rebekah,G
Safa,G
Saoirse,G
Sky,G
Tianna,G
Weronika,G
Aimie,G
Aliyah,G
Aria,G
Arianne,G
Ashlyn,G
Bronwyn,G
Cailin,G
Caragh,G
Cheryl,G
Daniella,G
Dannii,G
Elisha,G
Emmie,G
Hailie,G
Hana,G
Helen,G
Jana,G
Kahlan,G
Kimberly,G
Lacie,G
Larissa,G
Leonie,G
Liana,G
Lili,G
Lily-Rose,G
Livia,G
Maeve,G
Mairead,G
Milena,G
Monica,G
Mylie,G
Nancy,G
Nell,G
Nevaeh,G
Olive,G
Patricia,G
Paula,G
Priya,G
Quinn,G
Rhianna,G
Roisin,G
Roxi,G
Roxy,G
Sally,G
Sandra,G
Seren,G
Serena,G
Shelby,G
Tabitha,G
Teighan,G
Yu,G
Amara,G
Amirah,G
Amna,G
Andi,G
Ayda,G
Belle,G
Blanka,G
Brodie,G
Candice,G
Caris,G
Caroline,G
Cindy,G
Constance,G
Daria,G
Eliana,G
Elin,G
Elissa,G
Ellie-Louise,G
Ellie-Mae,G
Elyse,G
Evangeline,G
Harmony,G
Hayleigh,G
Iman,G
Indie,G
Jamie-Lee,G
Jamie-Leigh,G
Jude,G
Kaia,G
Kaitlynn,G
Karolina,G
Kaya,G
Kayden,G
Kayley,G
Kaylin,G
Kelsi,G
Kirstie,G
Kristin,G
Laurie,G
Lilia,G
Lorna,G
Lyra,G
Mackenzie,G
Madeline,G
Maizie,G
Malaika,G
Margaret,G
Melanie,G
Miriam,G
Mirryn,G
Myah,G
Nur,G
Paris,G
Pippa,G
Rhia,G
Riya,G
Skyla,G
Sofie,G
Sommer,G
Tori,G
Xin,G
Yasmine,G
Ada,G
Addison,G
Adrianna,G
Aimee-Lee,G
Aimee-Leigh,G
Aiyla,G
Alessia,G
Alexandria,G
Alina,G
Allie,G
Amina,G
Angela,G
Angelina,G
Anum,G
Arwen,G
Breagha,G
Breanna,G
Cailyn,G
Carina,G
Christy,G
Dana,G
Danika,G
Darci,G
Devyn,G
Diana,G
Eileen,G
Ela,G
Elspeth,G
Emaan,G
Erika,G
Ewa,G
Fatimah,G
Fearne,G
Fraya,G
Freyja,G
Harleigh,G
Honey,G
Imaan,G
Inaaya,G
Jaime,G
Jasmin,G
Jaya,G
Jess,G
Kacey-Leigh,G
Kalia,G
Karley,G
Karys,G
Katelynn,G
Katrina,G
Keris,G
Kiana,G
Kianna,G
Kodie,G
Kourtney,G
Kristina,G
Lacy,G
Laiba,G
Lauryn,G
Lea,G
Leigh,G
Lela,G
Lilli,G
Lillian,G
Luisa,G
Mabel,G
Maiya,G
Marlie,G
Matylda,G
Mckenzie,G
Melody,G
Mikayla,G
Nia,G
Nikita,G
Norah,G
Ola,G
Patrycja,G
Paulina,G
Princess,G
Raegan,G
Robin,G
Roma,G
Romy,G
Roseanna,G
Rosemary,G
Sana,G
Sapphire,G
Sarah-Louise,G
Saskia,G
Sylvie,G
Tayler,G
Tessa,G
Tiegan,G
Veronica,G
Zarah,G
Zoha,G
Agata,G
Aida,G
Ailidh,G
Aine,G
Aiza,G
Alecia,G
Alexia,G
Ali,G
Aliesha,G
Alivia,G
Aliya,G
Allana,G
Ameera,G
Aminah,G
Amy-Leigh,G
Amyleigh,G
Anabelle,G
Angelica,G
Anneliese,G
Annika,G
Antonina,G
Ariana,G
Asia,G
Astrid,G
Athena,G
Aurelia,G
Ayleigh,G
Aysha,G
Becky,G
Bobbi,G
Bridget,G
Bryony,G
Calleigh,G
Cameron,G
Camille,G
Camryn,G
Carli,G
Carlie,G
Cassidy,G
Cayla,G
Charlee,G
Cody,G
Colleen,G
Coral,G
Crystal,G
Danni,G
Edith,G
Effie,G
Eilish,G
Elaina,G
Elliot,G
Elyssa,G
Emilee,G
Emma-Louise,G
Emme,G
Enya,G
Eshal,G
Ffion,G
Frances,G
Frankie,G
Gift,G
Gillian,G
Gwen,G
Haleema,G
Hania,G
Haylie,G
Indy,G
Izzy,G
Jaimee,G
Jia,G
Jo,G
Jody,G
Kacee,G
Kady,G
Kaila,G
Kailyn,G
Kallie,G
Kassidy,G
Katlyn,G
Keely,G
Keisha,G
Kenzi,G
Kerris,G
Klaudia,G
Kornelia,G
Lexxi,G
Lily-Ann,G
Lina,G
Lotte,G
Luna,G
Maha,G
Mahnoor,G
Maisey,G
Makayla,G
Marcelina,G
Mariyah,G
Meadow,G
Meera,G
Meredith,G
Mina,G
Miranda,G
Mischa,G
Murrin,G
Mylee,G
Natasza,G
Ocean,G
Paiton,G
Penelope,G
Philippa,G
Pola,G
Renee,G
Rita,G
Roksana,G
Romi,G
Rona,G
Rosanna,G
Rylie,G
Safaa,G
Salma,G
Scarlet,G
Simone,G
Siobhan,G
Tamara,G
Tammy,G
Tamsin,G
Tayla,G
Tyla,G
Tyra,G
Tyree,G
Una,G
Valentina,G
Verity,G
Veronika,G
Vicky,G
Zaynab,G
Zoya,G
Ainsley,G
Akira,G
Alaina,G
Alannah,G
Alayna,G
Alba,G
Aleah,G
Alena,G
Alisa,G
Alishba,G
Alissa,G
Allison,G
Ameerah,G
Ami,G
Amylee,G
Ananya,G
Aneesa,G
Ania,G
Anika,G
Ann-Marie,G
Ara,G
Ariela,G
Ariella,G
Arya,G
Asha,G
Atlanta,G
Audrey,G
Aurora,G
Avah,G
Ayva,G
Blair,G
Blythe,G
Bree,G
Brianne,G
Briony,G
Broghan,G
Bronte,G
Caleigh,G
Cali,G
Carley,G
Carolina,G
Casey-Leigh,G
Charlene,G
Charlize,G
Chen,G
Cheyanne,G
Clementine,G
Codie,G
Cordelia,G
Daphne,G
Dara,G
Darah,G
Dayna,G
Debbie,G
Deborah,G
Dee,G
Diya,G
Dominika,G
Dua,G
Edie,G
Eimear,G
Elaine,G
Elidh,G
Elkie,G
Elli,G
Elly,G
Eman,G
Emillie,G
Fatma,G
Fay,G
Fia,G
Genevieve,G
Haniya,G
Harleen,G
Harlow,G
Holli,G
Iesha,G
Ilayda,G
Inayah,G
Indiana,G
Ingrid,G
Isla-Rose,G
Izabella,G
Jagoda,G
Jaimie,G
Jazmine,G
Jemima,G
Jennie,G
Jessika,G
Joanne,G
Jocelyn,G
Jodi,G
Jorgie,G
Juliette,G
Julita,G
Juno,G
Kacy,G
Kadi,G
Kailey,G
Kaiya,G
Kaiyla,G
Karah,G
Karla,G
Kasey-Leigh,G
Katarzyna,G
Katey,G
Kayci,G
Kaydee,G
Kayla-Marie,G
Kendra,G
Kezia,G
Khadija,G
Khadijah,G
Kiarra,G
Kiran,G
Kirstin,G
Kristen,G
Krystal,G
Kylah,G
Kylie,G
Leanna,G
Leanne,G
Lexy,G
Lilian,G
Lilie,G
Lillia,G
Lorena,G
Luciana,G
Lucinda,G
Maddie,G
Mae,G
Malak,G
Manahil,G
Mandy,G
Marcie,G
Margot,G
Mariana,G
Marie,G
Marika,G
Mariya,G
Maxine,G
Mayah,G
Meisha,G
Melodie,G
Milli,G
Millie-Rose,G
Minnie,G
Mira,G
Miyah,G
Monika,G
Nadine,G
Nahla,G
Natalya,G
Nela,G
Nikki,G
Nikkita,G
Noa,G
Nyla,G
Paityn,G
Petra,G
Phoenix,G
Piper,G
Pixie,G
Polly,G
Poppie,G
Precious,G
Rahma,G
Rana,G
Reagan,G
Rebeka,G
Reem,G
Reese,G
Regan,G
Rosalie,G
Rosalyn,G
Roslin,G
Rubi,G
Ryleigh,G
Sabrina,G
Selina,G
Seonaid,G
Shaniece,G
Sheryl,G
Shona,G
Shreya,G
Si,G
Sia,G
Siana,G
Sorcha,G
Starr,G
Sula,G
Sumaya,G
Susan,G
Suzanne,G
Suzie,G
Sydney,G
Tahlia,G
Tallulah,G
Tammi,G
Tammie,G
Tanya,G
Taylar,G
Tian,G
Tillie,G
Umaima,G
Valeria,G
Vera,G
Viktoria,G
Vivienne,G
Wendy,G
Winnie,G
Zahraa,G
Zaina,G
Zaynah,G
Ziva,G
Aalia,G
Aaminah,G
Abeera,G
Abigael,G
Abiha,G
Adara,G
Aela,G
Aeryn,G
Agatha,G
Aicha,G
Aiesha,G
Ailee,G
Ailis,G
Aimee-Louise,G
Airlie,G
Aivah,G
Aizah,G
Aleshia,G
Alexi,G
Alexx,G
Aliona,G
Alishia,G
Aliza,G
Alyx,G
Amal,G
Amalia,G
Amalie,G
Amaya,G
Amily,G
Amity,G
Amy-Lee,G
Anais,G
Andreea,G
Angelika,G
Anise,G
Anita,G
Anitra,G
Aniya,G
Aniyah,G
Anja,G
Anna-Rose,G
Annabell,G
Annaliese,G
Anne,G
Annelise,G
Anniyah,G
Anshi,G
Aoibheann,G
Arabella,G
Arfa,G
Arlene,G
Aroush,G
Arwyn,G
Ashlee,G
Aspen,G
Ava-Grace,G
Ava-Louise,G
Ava-Mae,G
Ava-Rose,G
Aya,G
Ayana,G
Aylee,G
Ayra,G
Azaria,G
Baileigh,G
Bailie,G
Bea,G
Beatrix,G
Beatriz,G
Becca,G
Betty,G
Billi,G
Blaire,G
Bobbie,G
Bonni,G
Bonny,G
Breagh,G
Brodi,G
Bronagh,G
Brooklyne,G
Caelin,G
Caelyn,G
Caila,G
Caitlin-Anne,G
Caley,G
Cally,G
Cameryn,G
Cate,G
Cathy,G
Caylin,G
Cecile,G
Cecilia,G
Celeste,G
Celina,G
Chanel,G
Charis,G
Charissa,G
Chaya,G
Chelsey,G
Chelsie,G
Cherry,G
Cheryl-Ann,G
Cheyenne,G
Chiamaka,G
Chloe-Louise,G
Christie,G
Chrystal,G
Clare,G
Clarissa,G
Coco,G
Codi,G
Cooper,G
Corin,G
Corra,G
Coryn,G
D'arcy,G
Daisi,G
Damaris,G
Dani,G
Darragh,G
Davina,G
Deanna,G
Demi-Lee,G
Demilee,G
Derri,G
Destinee,G
Dorota,G
Dorothy,G
Eadie,G
Effy,G
Eilah,G
Eilis,G
Elaf,G
Elayna,G
Eliora,G
Ella-May,G
Ella-Rose,G
Ellana,G
Ellie-Jo,G
Ellie-Rose,G
Elliott,G
Ellise,G
Ellouise,G
Ellsie,G
Elysse,G
Emelia,G
Emie,G
Emily-Rose,G
Emma-Leigh,G
Emmeline,G
Emy,G
Errin,G
Esha,G
Eshaal,G
Eva-Grace,G
Evah,G
Fabia,G
Farah,G
Faryal,G
Faryl,G
Fathima,G
Faythe,G
Felicia,G
Fiza,G
Freja,G
Frida,G
Gabija,G
Georgiana,G
Hafsah,G
Hajra,G
Haley,G
Hali,G
Halima,G
Halley,G
Haneen,G
Harli,G
Harlie,G
Huda,G
Iga,G
Ilaria,G
Imani,G
Inaya,G
Indianna,G
Iqra,G
Isabella-Rose,G
Isha,G
Ishbel,G
Isolde,G
Isra,G
Ivie,G
Jacqueline,G
Jaidyn,G
Jaime-Lee,G
Jamieleigh,G
Janet,G
Janey,G
Jannat,G
Jayde,G
Jayme,G
Jeannie,G
Jena,G
Joan,G
Jolie,G
Joni,G
Judy,G
Juliana,G
Julie,G
Kaelah,G
Kaelyn,G
Kaicee,G
Kailah,G
Kairi,G
Kaley,G
Kalina,G
Kamila,G
Karen,G
Kari,G
Karli,G
Karlie,G
Karmen,G
Karris,G
Kasie,G
Katelin,G
Katerina,G
Katie-Jo,G
Katie-Lee,G
Katie-Louise,G
Katieleigh,G
Kayah,G
Kaycey,G
Kaydi,G
Kaydie,G
Kaylan,G
Kaylie,G
Keera,G
Keiara,G
Keira-Leigh,G
Keiva,G
Kelsy,G
Kendal,G
Keren,G
Kerri,G
Kerryn,G
Kerys,G
Kharis,G
Khyra,G
Kia,G
Kiah,G
Kim,G
Kinza,G
Kirin,G
Klara,G
Kori,G
Krista,G
Kristy,G
Laaibah,G
Lacey-Jayne,G
Lailah,G
Lainie,G
Lanah,G
Laylah,G
Leela,G
Leena,G
Leilah,G
Leja,G
Levi,G
Leyah,G
Liberty,G
Lidia,G
Lilianna,G
Lilla,G
Lilly-Ann,G
Lilly-Louise,G
Lilly-Rose,G
Lily-Anne,G
Lily-Jo,G
Lily-May,G
Lilyanna,G
Linda,G
Ling,G
Linnea,G
Linzi,G
Lisa-Marie,G
Liyana,G
Lorelai,G
Lorelei,G
Lua,G
Lucille,G
Lulu,G
Lynsey,G
Lyvia,G
Makaila,G
Makenzie,G
Maliha,G
Malin,G
Manha,G
Marcey,G
Maren,G
Mariah,G
Marian,G
Marianna,G
Marianne,G
Marin,G
Marisa,G
Marlene,G
Marni,G
Martina,G
Marwa,G
Maura,G
Mazie,G
Meaghan,G
Meerab,G
Mehek,G
Melisa,G
Menna,G
Merryn,G
Miia,G
Mileigh,G
Milla,G
Mollie-Rose,G
Morag,G
Morgyn,G
Muneebah,G
Myley,G
Nabeeha,G
Nadzieja,G
Naiomi,G
Nancie,G
Neha,G
Nesta,G
Nicol,G
Nora,G
Nyomi,G
Olina,G
Oliviah,G
Oluwanifemi,G
Oluwateniola,G
Oluwatimilehin,G
Olyvia,G
Oonagh,G
Oran,G
Orianna,G
Orlaigh,G
Paisley,G
Pretty,G
Pyper,G
Rahaf,G
Rayan,G
Rebeca,G
Rebekka,G
Reema,G
Reet,G
Remi,G
Renad,G
Rheagan,G
Rhiannan,G
Rhianne,G
Rianna,G
Rio,G
Riona,G
Ronnie,G
Rowen,G
Roxana,G
Roxanna,G
Roxie,G
Roza,G
Rozalia,G
Rubie,G
Rudi,G
Rumaysa,G
Ruo,G
Rylee,G
Sabah,G
Safiyah,G
Sahana,G
Sahar,G
Sahara,G
Saira,G
Samia,G
Samira,G
Sandie,G
Sanna,G
Sarita,G
Satnam,G
Savana,G
Savanah,G
Savanna,G
Sawyer,G
Scarlett-Rose,G
Scout,G
Sehr,G
Selena,G
Shanelle,G
Shanice,G
Shanna,G
Shantell,G
Sharon,G
Shauna,G
Shayla,G
Shianne,G
Shiloh,G
Sian,G
Sianna,G
Siena,G
Simra,G
Simran,G
Siyana,G
Skylar,G
Sofiya,G
Sophie-Anne,G
Sophie-Louise,G
Sophieleigh,G
Star,G
Stevi,G
Stevie,G
Suha,G
Sunny,G
Susannah,G
Suzannah,G
Syeda,G
Sylvia,G
Tamika,G
Tamlyn,G
Tanisha,G
Tazmeen,G
Teaghan,G
Temiloluwa,G
Tereza,G
Teyanna,G
Tina,G
Toluwanimi,G
Tooba,G
Tulisa,G
Uma,G
Ursula,G
Vaila,G
Valerie,G
Vanesa,G
Vhairi,G
Vienna,G
Violette,G
Vivien,G
Wanjiku,G
Willa,G
Wing,G
Xanthe,G
Yana,G
Yara,G
Yusra,G
Zahara,G
Zeenat,G
Zhi,G
Ziya,G
Zsofia,G
Aaeedah,G
Aaeesha,G
Aafiyah,G
Aahana,G
Aaira,G
Aaisha,G
Aakriti,G
Aala,G
Aalayah,G
Aaliah,G
Aalish,G
Aaliya,G
Aalyah,G
Aamaira,G
Aanuoluwa,G
Aanya,G
Aara,G
Aarae,G
Aarna,G
Aaryn,G
Aashna,G
Aaylie,G
Abagael,G
Abagail,G
Abbi-Louise,G
Abbie-Anne,G
Abbie-J,G
Abbie-James,G
Abbie-Leigh,G
Abbie-Mai,G
Abbigale,G
Abeeha,G
Abeer,G
Abhipsa,G
Abi-Rose,G
Abiagael,G
Abigale,G
Abileigh,G
Adaku,G
Adallysha,G
Adalyn,G
Adan,G
Adasu,G
Adea,G
Adeena,G
Adeife,G
Adela,G
Adelina,G
Adeline,G
Adelle,G
Aderyn,G
Adi,G
Adiel,G
Adione,G
Adiraica,G
Aditi,G
Aditri,G
Adreena,G
Adriel,G
Adrienne,G
Advika,G
Advithi,G
Aeara,G
Aemtenan,G
Aeris,G
Aeronwy,G
Aeva,G
Afsa,G
Aftyn,G
Agnes,G
Ahleen,G
Aia,G
Aiava,G
Aibhne,G
Aida-May,G
Aiden,G
Aifric,G
Aighleigh,G
Aiiva,G
Ailah,G
Aileen,G
Ailie-Rose,G
Ailiedh,G
Ailigael,G
Ailise,G
Ailith,G
Aimaan,G
Aimee-Anna,G
Aimee-Elizabeth,G
Aimee-Kayla,G
Aimee-Lynn,G
Aimen,G
Aimi,G
Aimiee,G
Ainara,G
Aine-Rose,G
Airah,G
Aishah,G
Aishi,G
Aishling,G
Aisling,G
Aislinn,G
Aissata,G
Aiste,G
Aiva,G
Aivah-Rose,G
Aiyana,G
Aiylah,G
Aji,G
Akasim,G
Akiera,G
Akifah,G
Akvile,G
Alaa,G
Alahna,G
Alaiyah,G
Alana-Louise,G
Alanah,G
Alanya,G
Alayah,G
Alayanna,G
Alea,G
Aleazay,G
Aleesha,G
Aleigh,G
Aleigha,G
Aleise,G
Aleshya,G
Alesia,G
Alessa,G
Alessandra,G
Alessandria,G
Alex-Sandra,G
Alexandrea,G
Alexandrina,G
Alexay,G
Alexis-Jordan,G
Alexis-Louise,G
Alexsis,G
Alhowra,G
Ali-Rose,G
Alia,G
Aliah,G
Aliese,G
Aliida-Pokuah,G
Alima,G
Alise,G
Alixe,G
Aliya-Grace,G
Aliyah-May,G
Aliye,G
Aliyyah,G
Alizah,G
Alizay,G
Alizey,G
Allegra,G
Alli,G
Alligin,G
Allisia,G
Allissa,G
Alliviah,G
Allix,G
Allysa,G
Allyssa,G
Alma,G
Almasi,G
Almirah,G
Alona,G
Aluesi,G
Alumita,G
Alva,G
Alveena,G
Aly,G
Alycia,G
Alyissa,G
Alys,G
Alysheeya,G
Alyssah,G
Alyssia,G
Alzbetka,G
Ama,G
Amaia,G
Amany,G
Amarni,G
Amba,G
Amber-Rose,G
Amberley,G
Ameelah,G
Ameenah,G
Ameerat,G
Amel,G
Amelea,G
Amelia-Danni,G
Amelia-Eve,G
Amelia-Rose,G
Amelie-Jane,G
Amelle,G
Amellia,G
Amellie,G
Amera,G
Ami-Lea,G
Ami-Leigh,G
Amie-Lee,G
Amiee-Lee,G
Amiee-Louise,G
Amilee,G
Amin,G
Aminata,G
Amirrah,G
Amiya,G
Amma,G
Ammaley,G
Ammara,G
Ammelie,G
Amnah,G
Amorie,G
Amra,G
Amrit,G
Amy-Grace,G
Amy-Lea,G
Amy-Louise,G
Amy-Rose,G
Amyanne,G
An,G
Ana-Maria,G
Anabel,G
Anabil,G
Anaiyah,G
Analeigha,G
Anam,G
Anastazia,G
Anastazja,G
Anasztazia,G
Anayah,G
Anderson,G
Andii,G
Andile,G
Andzelika,G
Aneeza,G
Anethrah,G
Anfal,G
Angel-Leigh,G
Angharad,G
Angie,G
Anhua,G
Ani,G
Aniela,G
Anisa,G
Anisah,G
Anisha,G
Aniston,G
Anjolaoluwa,G
Anna-Louise,G
Anna-Marija,G
Annalee,G
Annaleigh,G
Annaleise,G
Annalese,G
Annalie,G
Annamarie,G
Anneli,G
Anni,G
Annia,G
Annie-Marie,G
Annielise,G
Annlouise,G
Annmarie,G
Annwyn,G
Anona,G
Anoushka,G
Antoinette,G
Anupa,G
Anushka,G
Anwen,G
Anzila,G
Aobha,G
Aoibhe,G
Aoibhin,G
Aoibhne,G
April-Leigh,G
Aqiilah,G
Aqsa,G
Aradhya,G
Areeba,G
Areej,G
Argyle,G
Argyro,G
Arhianna,G
Ariane,G
Aribah,G
Arielle,G
Ariia,G
Arin,G
Arina,G
Arissa,G
Arla,G
Armana,G
Armanda,G
Armeen,G
Aroosh,G
Arrah,G
Arryn,G
Arshiya,G
Artemis,G
Arwa,G
Arzu,G
Asavira,G
Asawir,G
Aseal,G
Aseel,G
Ashalina,G
Ashika,G
Ashley-Leigh,G
Ashna,G
Asira,G
Asiya,G
Asma,G
Asma'u,G
Assia,G
Astare,G
Astor,G
Asyia,G
Athene,G
Athina,G
Athulya,G
Atqiya,G
August,G
Aukse,G
Aurora-Leigh,G
Austin,G
Austina,G
Autumn-Rose,G
Ava-Jay,G
Ava-Jayne,G
Ava-Jessica,G
Ava-Leoni,G
Ava-Lily,G
Ava-Luise,G
Ava-Lynne,G
Ava-Marie,G
Ava-Ruth,G
Avabrooke,G
Avaleigh,G
Avani,G
Avanthika,G
Avantika,G
Avelina,G
Avika,G
Avine,G
Avleen,G
Avneet,G
Awen,G
Aya-Rose,G
Ayaana,G
Ayah,G
Ayanna,G
Ayar,G
Ayden,G
Aylah,G
Aylie,G
Aylin,G
Ayobolade,G
Ayomikun,G
Aysa,G
Ayse,G
Ayza,G
Azad,G
Azalea,G
Azarea,G
Aziza,G
Azza,G
Baby,G
Bagryana,G
Bai,G
Bailee,G
Bailey-Rose,G
Bailidh,G
Bailley,G
Bakhtawar,G
Ballena,G
Banni,G
Baraka,G
Barbara,G
Bau,G
Bayan,G
Baylee,G
Bayleigh,G
Bayley,G
Bayli,G
Becka,G
Beenie-Ann,G
Behesh,G
Beige,G
Belinay,G
Belinda,G
Bella-Esme,G
Bellamy,G
Benedicta,G
Benedita,G
Bensu,G
Beren,G
Berenika,G
Bernadette,G
Bernie,G
Berry,G
Bethanie,G
Bethann,G
Betsy,G
Betsy-Mae,G
Bettysue,G
Beulah,G
Beverly,G
Bex,G
Bianca,G
Bianka,G
Bibi,G
Billie-Jo,G
Billie-Leigh,G
Bindi,G
Blake,G
Blayne,G
Blaze,G
Blessings,G
Bleu,G
Blyth,G
Bo,G
Boa,G
Bobbi-Anne,G
Bobbi-Mae,G
Boluwatife,G
Boshra,G
Bozena,G
Brae,G
Braea,G
Braelyn,G
Brailey-Jaii,G
Branna,G
Brea,G
Breea,G
Brenna,G
Brhianna,G
Bria,G
Brianni,G
Briege,G
Brigid,G
Brihanna,G
Brodie-Leigh,G
Bronaich,G
Bronte-May,G
Brook,G
Brooke-Lynn,G
Bryona,G
Bryonie,G
Btoul,G
Bushra,G
Cadence-Lee,G
Cadhla,G
Cadi,G
Cadie,G
Cadie-Lee,G
Cadie-Leigh,G
Cadwyn,G
Cady,G
Caeci-Jane,G
Caeli,G
Caelinn,G
Caidee,G
Caiden,G
Caileigh,G
Caileigh-Anne,G
Cailynn,G
Caireann,G
Cairistiona,G
Caisey,G
Caisey-Leigh,G
Caiti-Anne,G
Caitie,G
Caitlain,G
Caitlan,G
Caitlen,G
Caitlin-Louise,G
Caitlinn,G
Caittlin,G
Caledonia,G
Caleidh,G
Calla,G
Calley,G
Calli,G
Callie-Mia,G
Camerin,G
Camile,G
Camilla,G
Campbell,G
Candace,G
Candela,G
Caoimha,G
Cara-Louise,G
Carenna-Renai,G
Cares,G
Cari,G
Cariba,G
Carissa,G
Carlee,G
Carlota,G
Carlyjane,G
Carlymay,G
Carmel,G
Carmel-Miya,G
Carmyn,G
Carola,G
Carrie-Anne,G
Carrieann,G
Casey-Lee,G
Casey-Mae,G
Caseyleigh,G
Caskie,G
Cassara,G
Cassi,G
Cassia,G
Cassiah,G
Castielle,G
Catalina,G
Cathleen,G
Caya,G
Cayden,G
Caylah,G
Cayleigh,G
Ceilidh,G
Ceira,G
Ceirah,G
Ceitidh,G
Celestine,G
Celise,G
Cerryn,G
Ceryce,G
Cerys-Lucy,G
Ceryss,G
Ceyda,G
Chalcedony,G
Chanell,G
Chanuthmee,G
Chanya,G
Charisse,G
Charleigh,G
Charley-Leigh,G
Charlie-Leigh,G
Charlii,G
Charlotte-Anne,G
Charly,G
Charmaine,G
Cheala,G
Chellieann,G
Chelsea-Louise,G
Chelsey-Leigh,G
Chelsy,G
Chenisse,G
Cherie,G
Cherise,G
Cherrie,G
Cheyann,G
Cheyannia,G
Chianne,G
Chiarra,G
Chidochashe,G
Chimaobim,G
Chimdalu,G
Chimerika,G
Chioma,G
Chizurumoke,G
Chloe-Ann,G
Chloe-Anne,G
Chloe-Belle,G
Chloe-Jane,G
Chloe-Margaret,G
Christabel,G
Christabelle,G
Chuk,G
Ciana,G
Cianha,G
Ciarah,G
Ciaris,G
Ciianne,G
Cira,G
Ciree,G
Clarisa,G
Claudie,G
Clementina,G
Cleo,G
Clodagh,G
Cloe,G
Clover,G
Codeah,G
Codey,G
Codi-Louise,G
Colbie,G
Coletta,G
Colette,G
Collette,G
Coraleigh,G
Cori,G
Corinne,G
Corragh,G
Corrie,G
Corrin,G
Courtney-Leigh,G
Courtneyleigh,G
Cristal,G
Cristie,G
Cristina,G
Crystal-Rose,G
Cyndi,G
Cyrine,G
D'arci,G
Daaniya,G
Daciana,G
Dailley,G
Dain,G
Daina,G
Daisy-Grace,G
Daisy-Lyn,G
Daisy-May,G
Daisymae,G
Daizy,G
Daksha,G
Dalia,G
Dalva,G
Damesha,G
Danae,G
Dani'le,G
Dani-Lee,G
Dani-Leigh,G
Danica,G
Daniela,G
Daniele,G
Dannan,G
Danni-Shey,G
Dannielle,G
Dannika,G
Danya,G
Danyella,G
Darby,G
Darcee,G
Darcelle,G
Darci-Leigh,G
Darcie-Jaii,G
Daren,G
Darianna,G
Darla,G
Darline,G
Darra,G
Darshani,G
Darya,G
Dastina,G
Daveigh,G
Dawn,G
Daya,G
Dayze,G
Deaghan,G
Debora,G
Deeanna,G
Deemah,G
Deeya,G
Deja,G
Delfina,G
Delia,G
Delilah,G
Delina,G
Delma,G
Delta,G
Demi-Ann,G
Demi-Debbie,G
Demi-Lei,G
Demie,G
Demii,G
Demileigh,G
Dena,G
Denanne,G
Denise,G
Deniz,G
Denni,G
Denver,G
Deon,G
Derry,G
Derryn,G
Desha,G
Devorah,G
Dezi,G
Dharia,G
Dharma,G
Diane,G
Diba,G
Dihanna,G
Dilane,G
Dilara,G
Dillon,G
Dilraj,G
Dima,G
Dina,G
Dinora,G
Dinuthi,G
Dior,G
Dishti,G
Diva,G
Dixie,G
Dolina,G
Dominique,G
Donata,G
Donia,G
Donna,G
Donya,G
Dora,G
Doriana,G
Dorrie,G
Drew,G
Drishika,G
Duaa,G
Dulcie,G
Dylan,G
Eala,G
Eavie,G
Ebian,G
Eboni-Louise,G
Ebonni,G
Ebonnie,G
Ebunoluwa,G
Echo,G
Eden-Faith,G
Edlizi,G
Edyn,G
Eedih,G
Eevie,G
Eighlin,G
Eila,G
Eildhi,G
Eileigh,G
Eilidgh,G
Eilise,G
Eily,G
Eimante,G
Eimile,G
Eira,G
Eireann,G
Eirini,G
Eirinn,G
Eirwen,G
Eisha,G
Eiva,G
Eivie,G
Ejona,G
Ekam,G
Ekaoluchuku,G
Ekavira,G
Elan,G
Elanor,G
Eleanor-Rose,G
Eleanore,G
Eleena,G
Elektra,G
Eleni,G
Elenta,G
Elesha,G
Elfriede,G
Elia,G
Elian,G
Eliane,G
Elianna,G
Elie,G
Elieace,G
Eliese,G
Elifnaz,G
Elijyah,G
Elika,G
Elinor,G
Elisa,G
Elisah,G
Eliska,G
Eliza-Rose,G
Elizabeth-Tazmin,G
Elka,G
Ella-Jane,G
Ella-Louise,G
Ellah,G
Ellarie,G
Elle-Mae,G
Elleigh,G
Ellia,G
Ellice,G
Ellie-Anne,G
Ellie-Claire,G
Ellie-Elizabeth,G
Ellie-Grace,G
Ellie-Jade,G
Elliotte,G
Ellisa,G
Ellisha,G
Ellisia,G
Ellsi,G
Ellyna,G
Ellyse,G
Eloghosa,G
Eloisa,G
Elora,G
Elouisa,G
Elouise,G
Elvira,G
Elymir-Fabiella,G
Elys,G
Elysa,G
Elysia,G
Elza,G
Elzbieta,G
Ema-Maria,G
Emanuelle,G
Emeliah,G
Emelie,G
Emese,G
Emileigh,G
Emilija,G
Emillyrose,G
Emily-Jane,G
Emily-Kate,G
Emily-Louise,G
Emily-Mae,G
Emily-Maya,G
Emilyjane,G
Emine,G
Emma-Grace,G
Emma-Jane,G
Emma-Jo,G
Emma-Marie,G
Emma-Ray,G
Emma-Rose,G
Emmalee,G
Emmalouise,G
Emmanuella,G
Emme-Leigh,G
Emmeleigh,G
Emmi,G
Emmi-Leigh,G
Emmy-Louise,G
En,G
Enakshi,G
Enayah,G
Enid,G
Eniola,G
Enja,G
Enyu,G
Eraj,G
Eren,G
Erii,G
Erin-Lee,G
Erin-Louise,G
Eris,G
Erris-Mae,G
Erryn,G
Erumiseh,G
Eryn-Louise,G
Erynn,G
Esmae,G
Esohe,G
Esosa,G
Esperanza,G
Estella,G
Ester,G
Estera,G
Ethar,G
Etta,G
Eubha,G
Eunice,G
Euphemia,G
Eva-Jo,G
Eva-Rose,G
Evana,G
Evanna,G
Everleigh,G
Everly,G
Evi,G
Evija,G
Evilyn,G
Evir,G
Evy,G
Ezmae,G
Ezme,G
Ezra,G
Fae,G
Faie,G
Faiqa,G
Faiza,G
Faizah,G
Fajar,G
Falak,G
Falhin,G
Falisha,G
Falyn,G
Fara,G
Farayiolaoluwa,G
Fareeha,G
Fareha,G
Farha,G
Farhiyo,G
Faria,G
Farida,G
Faridah,G
Farva,G
Faryll,G
Fatema,G
Fatemah,G
Fathia,G
Fatiha,G
Favour,G
Fawne,G
Faye-Louise,G
Fayth-Louise,G
Febiya,G
Feinuo,G
Felicity-Cecily,G
Fenja,G
Ferne,G
Ferryn,G
Fianna,G
Filia,G
Fina,G
Finn,G
Fione,G
Fizah,G
Fleur,G
Florentina,G
Floria,G
Floriana,G
Florrie,G
Franki,G
Frea,G
Freija,G
Freyah,G
Ga,G
Gabi,G
Gabia,G
Gabriele,G
Gabriella-Frances,G
Gala,G
Garance,G
Gayle,G
Geena,G
Genan,G
Georga,G
Georgette,G
Georgi,G
Georgia-May,G
Georgia-Skye,G
Gesel,G
Gessica,G
Ghorgie,G
Gia,G
Gianna,G
Gina,G
Ginny,G
Giovana,G
Giulia,G
Giulietta,G
Giuliette,G
Gizem,G
Gjanina,G
Gladys,G
Gloria,G
Grace-Isabella,G
Gracey,G
Graci,G
Graci-Mae,G
Gracie-Mae,G
Grayce,G
Grazia,G
Grazielli,G
Greer,G
Gresa,G
Greta,G
Gretchen,G
Grier,G
Guan,G
Gurleen,G
Gursimran,G
Gwyneth,G
Ha-Yim,G
Haajar,G
Haania,G
Habibah,G
Habon,G
Hadia,G
Hadija,G
Hadiqah,G
Hadiya,G
Hadiyah,G
Haidyn,G
Hailee,G
Hailie-Jade,G
Hajrah,G
Hala,G
Halle-Rose,G
Halleli,G
Halli,G
Halszka,G
Haly,G
Hamnah,G
Hana-Maryam,G
Hanaan,G
Hanen,G
Haniah,G
Hanifa,G
Haniyaah,G
Haniyah,G
Hannah-Lei,G
Hannah-Rosalie,G
Hannan,G
Hanyue,G
Hareem,G
Harlii,G
Harly,G
Harper,G
Harpreet,G
Harri,G
Haruki,G
Harum,G
Harveer,G
Hasibah,G
Hatice,G
Hattie,G
Havanna,G
Havin,G
Hayka,G
Hayleigh-Jai,G
Hayley-James,G
Hayley-Jane,G
Hayleyjade,G
Heaba,G
Heather-Rose,G
Hebe,G
Heidy,G
Hejan,G
Helaina,G
Heleema,G
Helem,G
Heloise,G
Helya,G
Henna,G
Henrietta,G
Hermione,G
Hetty,G
Hibah,G
Hibba,G
Hibbah,G
Hiedi,G
Hikmah,G
Hilarie,G
Hilda,G
Himani,G
Himanshi,G
Hira,G
Hirah,G
Hoda,G
Holli-Rose,G
Holly-Louise,G
Hollyann,G
Honey-Louise,G
Honore,G
Hooria,G
Hosannah,G
Howraa,G
Hrithika,G
Hummna,G
Husna,G
Hyeonseo,G
Ianna,G
Ibby,G
Ida,G
Idara,G
Iggy,G
Ijeoma,G
Ilham,G
Iliana,G
Ilianna,G
Illenna,G
Ilyse,G
Imogene,G
Indee,G
Indi,G
Indigo,G
Indiya,G
Indy-Rose,G
Indya,G
Inez,G
Ingebjorg,G
Innes,G
Innogen,G
Io,G
Ipek,G
Iranda,G
Irina,G
Iryana,G
Irys,G
Isa,G
Isadora,G
Ishmeet,G
Isidora,G
Isis,G
Isla-Grace,G
Islah,G
Isobella,G
Issa,G
Issie,G
Iva,G
Ivana,G
Ivey-Grace,G
Iyanuoluwa,G
Iyla,G
Iylah,G
Izabela,G
Izotena,G
Izza,G
Izzah,G
Izzie,G
Jada,G
Jade-Louise,G
Jadealeigh,G
Jae-Leigh,G
Jaeda,G
Jaiden,G
Jaimary,G
Jaime-Leigh,G
Jaimee-Lea,G
Jaimee-Lee,G
Jamay,G
Jamey,G
Jami-Leigh,G
Jamie-Lea,G
Jamiee,G
Jamila,G
Jamillia,G
Jamima,G
Janat,G
Janelle,G
Janely,G
Janette,G
Janine,G
Janiyah,G
Janvi,G
Jarifa,G
Jasmeet,G
Jasmina,G
Jasmyn,G
Javayria,G
Javeria,G
Jay-Leigh,G
Jayda,G
Jayden,G
Jayden-Lee,G
Jaylee,G
Jaymee-Leigh,G
Jaymee-Lynn,G
Jaymi,G
Jaymie-Ann,G
Jayna,G
Jayoung,G
Jazmin,G
Jazmyn,G
Jazz,G
Jehan,G
Jemimah,G
Jenica,G
Jenifer,G
Jenni,G
Jennifer-Jane,G
Jeromi,G
Jersey,G
Jeshurun,G
Jessa,G
Jesse,G
Jesse-Leigh,G
Jesseca,G
Jessica-Ann,G
Jessicah,G
Jewel,G
Jiaruo,G
Jiayan,G
Jing,G
Jiya,G
Jo-Leigh,G
Joana,G
Joannie,G
Jocee-Lea,G
Joia,G
Jolanta,G
Jolene-Rebecca,G
Jordana,G
Jordanna,G
Jordyn,G
Jorgea,G
Jorjay,G
Joslyn,G
Joss,G
Joud,G
Jovia,G
Juanita,G
Judith,G
Judyta,G
Jue,G
Julieta,G
Julija,G
Julja,G
Jumana,G
Jun,G
Junhee,G
Jura,G
Jusleen,G
Justine,G
Ka,G
Kaavya,G
Kacci,G
Kaci-Lynn,G
Kaci-Rose,G
Kacia,G
Kacie-Leigh,G
Kacy-Jane,G
Kadey,G
Kadie-Leigh,G
Kadie-Louise,G
Kadielyn,G
Kadyleigh,G
Kae,G
Kaede,G
Kaela,G
Kaelan,G
Kahley,G
Kahli,G
Kaiann,G
Kaidence,G
Kaidi,G
Kaidie,G
Kaidy,G
Kaidy-Lee,G
Kaidy-Leigh,G
Kaidylee,G
Kaiesha,G
Kailee,G
Kailli,G
Kaimerry,G
Kaira,G
Kaisey-Lee,G
Kaisey-Leigh,G
Kaitlyn-Ann,G
Kajsa,G
Kalestra,G
Kalise,G
Kalista-Lee,G
Kalsoom,G
Kamalpreet,G
Kamia,G
Kamilah,G
Kamile,G
Kamillah,G
Kamla,G
Kamryn,G
Kaniha,G
Kanwara,G
Kara-Yvonne,G
Karam,G
Kareena,G
Kariann,G
Karimah,G
Karis-Andi,G
Kariss,G
Karleigh,G
Karlianne,G
Karlie-Leigh,G
Karmin,G
Karra,G
Karrah,G
Karren,G
Karsyn,G
Kas,G
Kasey-Lee,G
Kaseylee,G
Kasha,G
Kashish,G
Kashmera,G
Kasi,G
Kasie-Jane,G
Kasie-Leigh,G
Kasiee,G
Kasiey,G
Kassi,G
Kassie,G
Kataliena,G
Katarina,G
Katayun,G
Katee,G
Katelyne,G
Katharina,G
Katharine,G
Kathrine,G
Kathrize,G
Katie-Ann,G
Katie-Anne,G
Katie-Ellen,G
Katie-Jay,G
Katie-Lea,G
Katie-Leigh,G
Katie-Maree,G
Katieann,G
Katiya,G
Katlynn,G
Katriona,G
Katyann,G
Katyln,G
Katyn,G
Kawther,G
Kay-Cee,G
Kayce-Leigh,G
Kaydae,G
Kaydahn,G
Kaydence,G
Kaydey,G
Kaydia,G
Kaydin,G
Kaydis,G
Kaye,G
Kayla-Ann,G
Kayla-Jade,G
Kayla-Jai,G
Kayla-May,G
Kayla-Rae,G
Kaylae,G
Kaylagh,G
Kaylamarie,G
Kaylay,G
Kayleigh-Ann,G
Kaylynn,G
Kaynie,G
Kaysea,G
Kaysey,G
Kaysha,G
Kaysi,G
Kaytee,G
Ke,G
Keala,G
Keanna,G
Keasha,G
Keavy,G
Kedans,G
Keela,G
Keeley-Ann,G
Keelin,G
Keelyn,G
Keerthana,G
Keevagh,G
Keevah,G
Kehry's,G
Keiana,G
Keiarra,G
Keighla,G
Keiley,G
Keilidh,G
Keita,G
Keivah,G
Keivha,G
Keli-Anne,G
Kelise,G
Kelisse,G
Kelli,G
Kellie,G
Kellis,G
Kelly-Marie,G
Kellyanne,G
Kelsa,G
Kelsee,G
Kelseigh,G
Kelsey-Leigh,G
Kelsey-Louise,G
Kelseyalana,G
Kelseyleigh,G
Kenadie,G
Kendal-Leigh,G
Kendall,G
Kendyl,G
Kendyll,G
Kenley,G
Kenna,G
Kennedi,G
Kennedie,G
Kenzie-Lee,G
Kenzie-May,G
Kenzy,G
Keona,G
Kerah,G
Kered,G
Kerensa,G
Keri,G
Kerra-Leigh,G
Kerry-Louise,G
Kerryann,G
Keryn,G
Keryss-Lee,G
Kesha,G
Ketsia,G
Kevah,G
Keyah,G
Keyanna,G
Keyva,G
Keziah,G
Khadeeja,G
Khaila,G
Khalie,G
Khaya,G
Khayrah,G
Kheris,G
Kheya,G
Khira,G
Khoray,G
Khushi,G
Khysta,G
Kia-Rose,G
Kiaci,G
Kialah,G
Kiannaleigh,G
Kiarrah,G
Kieara,G
Kieeva,G
Kienna,G
Kiera-Lee,G
Kieralee,G
Kierit,G
Kierra,G
Kiersten,G
Kieva,G
Kihanna,G
Kiki,G
Kimrie,G
Kinga,G
Kinley,G
Kinvara,G
Kiraz,G
Kirbie,G
Kirie,G
Kirrin,G
Kiya,G
Kiyana,G
Klementyna,G
Kleo,G
Kloe,G
Kloeh,G
Kodi,G
Komal,G
Koni,G
Konnie,G
Korri,G
Kourtnie,G
Kripa,G
Krishnalyn,G
Krisleen,G
Kristal,G
Kristianna,G
Kristie,G
Kristine,G
Krithika,G
Krysti,G
Krystyna,G
Ksenia,G
Kulsoom,G
Kya,G
Kyah,G
Kye,G
Kymberley,G
Kymberly,G
Kyomi,G
Kyran,G
Labbayka,G
Labiba,G
Lacee-K,G
Lacey-Anne,G
Lacey-May,G
Laceymay,G
Laci-May,G
Laciann,G
Lacie-J,G
Lacie-Mai,G
Lacie-Mia,G
Lael,G
Lahna,G
Laibah,G
Laicey,G
Laicie-Louise,G
Laigha,G
Lainey,G
Laisha,G
Lakhveer,G
Lamira,G
Lana-Marie,G
Lana-Rose,G
Langelihle,G
Lanna,G
Lanya,G
Laoise,G
Laraib,G
Laryn,G
Latifa,G
Laura-Marie,G
Lauren-Louise,G
Laurina,G
Laurissa,G
Lavin,G
Lawrey,G
Laya,G
Layaan,G
Layal,G
Laycie,G
Layla-Jean,G
Layla-Mae,G
Laylia,G
Layna,G
Layora,G
Layton,G
Le-Ah,G
Leeah,G
Leen,G
Leeonie,G
Leesah,G
Leigh-Anne,G
Leighann,G
Leigharra,G
Leila-Jane,G
Leilani,G
Leisha,G
Leith,G
Leizl,G
Lejla,G
Lekha,G
Leni,G
Lennja,G
Lente,G
Leoni,G
Leonie-Leigh,G
Leonna,G
Leora-Jayn,G
Lesley,G
Leslie,G
Leticia,G
Lexi-Cal,G
Lexi-Marie,G
Lexie-Mia,G
Lexii,G
Lexin,G
Lexine,G
Lexiy,G
Lexxie,G
Lexxy,G
Leya,G
Leyla-Prena,G
Leysha,G
Lhlyaijana,G
Liaba,G
Liah,G
Liane,G
Lianna,G
Liannah,G
Liara,G
Libbi,G
Libbie,G
Libby-Jo,G
Liena,G
Lierra,G
Lilah,G
Lili-Ana,G
Liliane,G
Lilias,G
Lilidh,G
Lilie-May,G
Liliella-Auralei,G
Lilith,G
Lilli-May,G
Lillianna,G
Lillie-Rose,G
Lilly-An,G
Lilly-Annabella,G
Lilly-Ella,G
Lilly-Eve,G
Lilly-Mae,G
Lilly-May,G
Lily-Ava,G
Lily-Jessica,G
Lily-Louise,G
Lily-Madison,G
Lily-Mae,G
Lily-Mai,G
Lilya,G
Lilyah,G
Lilyanne,G
Lilygrace,G
Lilymae,G
Lilyrae,G
Lima,G
Limpho,G
Lindsay,G
Lindsay-Rose,G
Lindsey,G
Lisa-Mary,G
Lita,G
Liv,G
Liva,G
Livvy,G
Liya,G
Liyba,G
Liza,G
Lizzie,G
Llana,G
Logan,G
Lola-Belle,G
Lola-Grace,G
Lola-Jane,G
Londin,G
Loren,G
Loreta,G
Loriana,G
Lorraine,G
Lorri-Anne,G
Lotta,G
Lotty,G
Louanna,G
Louiza,G
Loujain,G
Loule,G
Loveey,G
Luana,G
Lubna,G
Luca,G
Lucey,G
Lucia-Amber,G
Lucie-Jem,G
Lucii-Jai,G
Lucja,G
Lucy-Anne,G
Lucy-Jo,G
Lucy-Louise,G
Luicie,G
Luiza,G
Lujain,G
Lunasha,G
Luz,G
Lyndsey,G
Lynne,G
Lynnette,G
Lytarra,G
Maahin,G
Maanya,G
Maariyah,G
Macey-Jo,G
Machara,G
Maci-Kay,G
Mackenna,G
Macy-Kate,G
Maddalena,G
Maddisyn,G
Madelyn,G
Madia,G
Madieha,G
Madieson,G
Madiha,G
Madisan,G
Madison-Leigh,G
Madita,G
Madyson,G
Maebh,G
Maely,G
Maeryn,G
Maeveen,G
Maggie-Lynne,G
Maggie-May,G
Maham,G
Mahari,G
Mahati,G
Maheru,G
Mahsa,G
Mahzie,G
Maia-Rose,G
Maiah,G
Maicie,G
Maicy,G
Maida,G
Maija,G
Mailili,G
Maimie-Jean,G
Maimouna,G
Maira,G
Maire,G
Mairead-Mairi,G
Maisie-Grace,G
Maisie-Leigh,G
Maisie-Rae,G
Maiss,G
Maissie,G
Maizey,G
Maizy,G
Maja-Anna,G
Majka,G
Makaella,G
Makala,G
Makaylah,G
Makena,G
Makenna,G
Makenzi,G
Makoto,G
Malaikah,G
Maleeha,G
Malgorzata,G
Malia,G
Malina,G
Maliya,G
Mallika,G
Mallory,G
Malwina,G
Mame,G
Mamie,G
Manal,G
Manasa,G
Manjot,G
Manka,G
Mannat,G
Manpreet,G
Manreet,G
Manuela,G
Maolisa,G
Marcedes,G
Marcela,G
Marcella,G
Marci,G
Marcia,G
Marcy,G
Margaux,G
Mari,G
Mari-Ann,G
Mari-Anne,G
Maria-Leigh,G
Mariama,G
Mariangeles,G
Maribel,G
Marica,G
Mariel,G
Mariella,G
Mariesa,G
Marifa,G
Marija,G
Mariko,G
Marilena,G
Mariluz,G
Marion,G
Marissah-May,G
Marium,G
Mariyum,G
Marlei,G
Marleigh-Jane,G
Marlena,G
Marli,G
Marnii,G
Marrah,G
Marriam,G
Marsaili,G
Marta,G
Marwah,G
Mary-Jane,G
Mary-Jayne,G
Mary-Louise,G
Marykate,G
Marylou,G
Marysa,G
Maryum,G
Masha,G
Mathilda,G
Mathilde,G
Mattea,G
Max,G
Maxi,G
Maya-Georgia,G
Mayla,G
Maylin,G
Maymona,G
Maymuna,G
Mayowa,G
Maysie,G
Mayura,G
Mayzie,G
Mayzie-Leigh,G
Mazey-Crew,G
Mckaela,G
Mckayla,G
Mckenzy,G
Mda,G
Meah,G
Meah-Jane,G
Meaha,G
Meave,G
Meena,G
Meenakshi,G
Megan-Leigh,G
Megane,G
Meggan,G
Meggie,G
Meghal,G
Meghann,G
Mehak,G
Mehakdeep,G
Mehar,G
Mehik,G
Mehreen,G
Meia,G
Meika,G
Meira,G
Meishan,G
Mekayla,G
Mekia,G
Melanija,G
Melek,G
Melinda,G
Melis,G
Melissa-Grace,G
Mella,G
Mellieha,G
Melosa,G
Memphis,G
Menaal,G
Menahil,G
Meng,G
Meng-Yao,G
Mercadi,G
Meridith,G
Meriem,G
Merin,G
Merisa,G
Merissa,G
Merit,G
Meryam,G
Meryl,G
Meryn,G
Mhairi-Ella,G
Mhari,G
Mhirren,G
Mhurrin,G
Mhyrnn,G
Mhyrren,G
Mia-Lena,G
Mialou,G
Miami,G
Micayla,G
Michaella,G
Michaiah,G
Michal,G
Mignon,G
Mihika,G
Mija,G
Mikaella,G
Miko,G
Milagros,G
Milan,G
Milana,G
Milanpreet,G
Miley-Skye,G
Mili,G
Miller,G
Millie-Ann,G
Millie-Jane,G
Millie-Jo,G
Millimai,G
Milly-Rose,G
Mimi,G
Minahal,G
Minako,G
Minke,G
Minna,G
Miraal,G
Miren,G
Mirran,G
Mirrum,G
Miryn,G
Misan-Mirah,G
Mishal,G
Mishkat,G
Missie,G
Missy,G
Misty,G
Miya-Mally,G
Mollie-Jean,G
Molly-Anne,G
Molly-Rose,G
Momina,G
Monique,G
Montana,G
Moona,G
Moono,G
Morann,G
Morgann,G
Morla,G
Morna,G
Morvin,G
Motunrayo,G
Mouna,G
Moya,G
Moyrin,G
Mridula,G
Muireann,G
Muirin,G
Mulaye,G
Mulaykah,G
Mumama,G
Mumina,G
Munaa,G
Munira,G
Munirah,G
Murran,G
Murreann,G
Murryn,G
Murva,G
Musammath,G
Muskaan,G
Mutmainah,G
Mwitwa,G
Mya-Jade,G
Mychaella,G
Myfanwy,G
Myia,G
Mylah,G
Myleigh,G
Myleigh-Brooke,G
Mylie-Jay,G
Myrna,G
Myrrin,G
Mysha,G
Naba,G
Nabiha,G
Nada,G
Nadiya,G
Nadya,G
Nafeesah,G
Nafiseh,G
Nahdean,G
Naia,G
Naila,G
Naima,G
Naisha,G
Naiya,G
Naiyah,G
Najmah,G
Naksatra,G
Nala,G
Naledi,G
Nandi,G
Naoise,G
Nara,G
Narmeen,G
Nashe,G
Nashrah,G
Nasyamah,G
Nathifa,G
Natisha,G
Navana,G
Navarrie,G
Navreet,G
Nawal,G
Nayoun,G
Nayra,G
Nealla,G
Neasa,G
Neea,G
Neisha,G
Neith,G
Nel,G
Nelima,G
Nella,G
Nelly,G
Nen,G
Neoma,G
Nereya,G
Neriadh,G
Nerissa,G
Nerys,G
Nethra,G
Neva,G
Nevada,G
Nevena,G
Neviah,G
Ngaire,G
Ngozichukwu,G
Niah,G
Niami,G
Nica,G
Nichole,G
Nickhi,G
Nico,G
Nicolle,G
Nidine,G
Nihaana,G
Nikaela,G
Nikayla,G
Niki,G
Nikitha,G
Nikkayla,G
Nikkitta,G
Nikol,G
Nikolette,G
Nila,G
Nilla,G
Nilsu,G
Nimitta,G
Nimra,G
Nimrode,G
Niommi,G
Niree,G
Nishka,G
Nisrine,G
Nmesomachukwu,G
Nola,G
Nonofo,G
Noor-Fatimah,G
Noor-Ul-Eman,G
Noorfatima,G
Noorfatimah,G
Nooriyah,G
Noran,G
Noreen,G
Nosa,G
Nourh,G
Nourhan,G
Ntina,G
Nuala-May,G
Nuha,G
Numa,G
Numra,G
Nuria,G
Nuriya,G
Nurul,G
Nyah,G
Nyia,G
Nyma,G
Nynke,G
Obafifehanmi,G
Obianuju,G
Oghenemaro,G
Oksana,G
Olaedo,G
Olayemi,G
Olimpia,G
Olivia-Marie,G
Olivia-May,G
Olivia-Rose,G
Oluwabukayomi,G
Oluwabukunmi,G
Oluwadamilola,G
Oluwadara,G
Oluwaferanmi,G
Oluwafiyikunwa,G
Oluwafolakunmi,G
Oluwafunmilayo,G
Oluwanikemi,G
Oluwaseyifunmi,G
Oluwashindara,G
Oluwatobi,G
Oma,G
Omay,G
Omokoni,G
Onaigh,G
Onyechigoziri,G
Onyedikachukwu,G
Onyx,G
Oona,G
Ophelia,G
Oreoluwa,G
Orhla,G
Orin,G
Orlaidh,G
Orlanne,G
Orli,G
Ornah,G
Ornela,G
Ortensia,G
Osarumwense,G
Oshah,G
Oshala,G
Oshyn,G
Osla,G
Ostara,G
Oumou,G
Oyindamola,G
Ozioma,G
Padma,G
Page,G
Paighton,G
Paje,G
Pandra,G
Pangal,G
Pania,G
Pari,G
Parkirti,G
Parnaz,G
Patience,G
Paton,G
Patronella,G
Paulie,G
Payge,G
Payta,G
Paz-Gracia,G
Peace,G
Peaches,G
Pearl,G
Peggy,G
Peighton,G
Peigi,G
Penny-Sue,G
Pepper,G
Perseise,G
Peyton-Marie,G
Peyton-Rose,G
Phebe,G
Phoenixx,G
Polly-Jane,G
Prabhjot,G
Prabhleen,G
Praise,G
Prapti,G
Pratiksha,G
Precieuse,G
Preet,G
Preeti,G
Presley,G
Princess-Skye,G
Princess-Tamia,G
Priscilla,G
Prisha,G
Prue,G
Puteri,G
Qatr-Alnada,G
Qianhui,G
Qin,G
Quin,G
Raaheemah,G
Rabeeah,G
Rabia,G
Rabiah,G
Rachele,G
Radostina,G
Rae,G
Rae-Anne,G
Raewyn,G
Raghad,G
Raghed,G
Ragid,G
Rahima,G
Rahmeen,G
Raia,G
Raine,G
Raisa,G
Raja,G
Raji,G
Rajveer,G
Rama,G
Rameesha,G
Rand,G
Raneem,G
Rania,G
Raniaa,G
Rashida,G
Rawan,G
Ray,G
Raya,G
Rayaan,G
Rayah,G
Rayisha,G
Raymah,G
Rayna,G
Rayyana,G
Rea,G
Reahnon,G
Rebbecca,G
Rebecca-Jane,G
Rebecca-Rose,G
Rebekkah,G
Reeanna,G
Reegan,G
Reeghan,G
Reeta,G
Refka,G
Regen,G
Regina,G
Reham,G
Rehanna,G
Reina,G
Remy,G
Remy-Leigh,G
Rena,G
Rene,G
Reni,G
Renn,G
Retaj,G
Retal,G
Reya,G
Reyhan,G
Reyna,G
Rhayna,G
Rheana,G
Rheegan,G
Rhegan,G
Rheia,G
Rhema,G
Rheona,G
Riaa,G
Riahan,G
Riannon,G
Riaraj,G
Rida,G
Ridah,G
Riehana,G
Riem,G
Rihann,G
Rija,G
Rikiayla,G
Riko,G
Rilay,G
Rileigh,G
Rinoa,G
Rinta,G
Risha,G
Risham,G
Ritaj,G
Ritika,G
Ritisha,G
Rittal,G
Riva,G
River,G
Roa,G
Roan,G
Roban,G
Roberta,G
Robina,G
Robynn,G
Robynne,G
Rocha,G
Rochmay,G
Rohaise,G
Rohin,G
Romana,G
Romaney,G
Romanna,G
Romey,G
Romie,G
Romiley,G
Romilly,G
Romimi,G
Romola,G
Roneta,G
Ronetta,G
Roni,G
Ronja,G
Roqayah,G
Rosabelle,G
Rosaleen,G
Rosalie-Mae,G
Rosalind,G
Roseann,G
Roseanne,G
Rosey,G
Roshni,G
Roslyn,G
Rosslyn,G
Roux,G
Rowan-May,G
Rozya,G
Ruadhan,G
Ruari,G
Rubaidh,G
Ruby-Elizabeth,G
Ruby-Mae,G
Rubyray,G
Rudy,G
Rui,G
Rukaya,G
Ruqayyah,G
Ruri,G
Rusalina,G
Ruwa,G
Rwasy,G
Saadiya,G
Saalihah,G
Saamiya,G
Saania,G
Saanvi,G
Saarah,G
Saathvika,G
Sabeeha,G
Sabeen,G
Sabina,G
Sabine,G
Sabreena,G
Sacha,G
Sachleen,G
Sadhbh,G
Sadia,G
Safa-Noor,G
Saffa,G
Saffaya-May,G
Saffron,G
Saffy,G
Safiya,G
Safiye,G
Safiyyah,G
Safoora,G
Sahrish,G
Saige,G
Sainabou,G
Saja,G
Saliah,G
Saliha,G
Salila,G
Salina,G
Sama,G
Samaher,G
Saman,G
Samar,G
Samara,G
Samavia,G
Samaya,G
Sameera,G
Samera,G
Samidha,G
Sammie-Jade,G
Sammy-Lee,G
Samrah,G
Sanaa,G
Sanai,G
Sanaya,G
Sandi,G
Sania,G
Saniyah,G
Sanjula,G
Santana,G
Sanuli,G
Sanya,G
Saona,G
Saorsa,G
Saphia,G
Sarah-Nikole,G
Sarah-Rachel,G
Sarah-Rose,G
Saraswati,G
Sarayu,G
Sarina,G
Saule,G
Saumie,G
Savannah-May,G
Savannarose,G
Savina,G
Sawaira,G
Sayana,G
Sayuri,G
Scarlett-Anne,G
Scotia-Rose,G
Seandele,G
Seandelle,G
Seaneen,G
Seersha,G
Sefanit,G
Seffi,G
Sefora,G
Sefora-Denisa,G
Seham,G
Sehar,G
Seher,G
Senam,G
Senara,G
Senata,G
Sendy,G
Senga,G
Seona,G
Seraphim,G
Seriban,G
Serife,G
Serin,G
Seryce,G
Setin,G
Sewin,G
Shabnam,G
Shahnis,G
Shaima,G
Shaivi,G
Shama,G
Shamira,G
Shamiso,G
Shanay,G
Shanell,G
Shania,G
Shaniqua,G
Shaniya,G
Shannah,G
Shanni,G
Shannon-Marie,G
Shantelle,G
Sharmaine,G
Sharyie-Leigh,G
Shatha,G
Shauney,G
Shauni,G
Shaunie,G
Shaunie-Marie,G
Shaunii,G
Shawni,G
Shay,G
Shaynie,G
Shea,G
Sheenaz,G
Shelbey,G
Shelbie,G
Shellby,G
Shelley,G
Shellie,G
Shen,G
Sheona,G
Sherin,G
Shermaine,G
Shesheena,G
Sheva,G
Sheza,G
Shika,G
Shilliah,G
Shiloe,G
Shiloh-Joy,G
Shinee,G
Shinjini,G
Shionka,G
Shireen,G
Shirley,G
Shiya,G
Shloka,G
Shodoon,G
Shola,G
Shomili,G
Shraddha,G
Shravya,G
Shreiya,G
Shubhika,G
Shylah,G
Shyloh,G
Siara,G
Sibhe,G
Sibylla,G
Sidni,G
Sieanna,G
Sierra,G
Sigourney,G
Siham,G
Silver,G
Silvia,G
Simisola,G
Simona,G
Simrat,G
Sindija,G
Sintija,G
Sira,G
Sira-Lily,G
Sirah,G
Siya,G
Skye-Jane,G
Skye-Mia,G
Skye-Rose,G
Skyie,G
Smilla,G
Snaedis,G
Sneha,G
Sobechi,G
Sofea,G
Sofi,G
Sofiana,G
Sofya,G
Soha,G
Sol,G
Solana,G
Soleece,G
Sonam,G
Sonia,G
Sonja,G
Sonni,G
Sonnie,G
Sonya,G
Sophie-Amy,G
Sophie-Ann,G
Sophie-Elise,G
Sophie-Kate,G
Sophie-Lea,G
Sophie-Lee,G
Sophie-Leigh,G
Sophie-Marie,G
Sophie-Rose,G
Soracha,G
Soreeya,G
Sorrel,G
Sorsha,G
Sriya,G
Stacie,G
Stacy,G
Stacy-Lee,G
Star-Keira,G
Star-Le,G
Starlet,G
Stefania,G
Stephany,G
Stevi-Leigh,G
Stina,G
Storm,G
Styles,G
Subin,G
Sudenaz,G
Sudharmi,G
Sufia,G
Suhaani,G
Suhani,G
Sukaina,G
Sukhleen,G
Sukhmani,G
Sukhveer,G
Sukhwinder,G
Suki,G
Sukki,G
Sukmani,G
Sum,G
Sum-Yee,G
Suma,G
Sumayya,G
Summer-Louise,G
Sunaina,G
Sunena,G
Surabhi,G
Surina,G
Susanna,G
Sushi,G
Sushmita,G
Suwan,G
Suzy,G
Svea,G
Sydnie,G
Symantha,G
Tabassum,G
Taea,G
Tahite,G
Taiah,G
Taila,G
Tailahleigh,G
Taisia,G
Taisiya,G
Takwa,G
Talia,G
Taliah,G
Taline,G
Talisha-Lee,G
Talyia,G
Tamar,G
Tamarra,G
Tamia,G
Tammy-Leigh,G
Tamunonengiyeofori,G
Tamzin-Louise,G
Taneesha,G
Tanvi,G
Taome,G
Taomi,G
Taranya,G
Tarian,G
Tarilayefa,G
Tarini,G
Tarryn,G
Taryn,G
Tasha,G
Tasnim,G
Tatenda,G
Tathiana,G
Tavia,G
Tawina,G
Taya,G
Tayaba,G
Taye,G
Taylah,G
Taylarose,G
Taylor-Jade,G
Taylor-Rae,G
Taylor-Rose,G
Tayyaba,G
Teague,G
Teddi,G
Tee-J,G
Teeda,G
Teegan-Amy,G
Teeghan,G
Teegin,G
Teena,G
Tegen,G
Temidayo,G
Teninlanimi,G
Teresa-Dehia,G
Teri,G
Tern,G
Terri,G
Terri-Ann,G
Teyla,G
Thaksaya,G
Thalia,G
Thalulah,G
Thanvi,G
Theadora,G
Theresa,G
Thirzah,G
Thivya,G
Thora,G
Thrisha,G
Tia-Angel,G
Tia-Faye,G
Tia-Jane,G
Tia-Leigh,G
Tiaami,G
Tiah,G
Tiahna,G
Tiala,G
Tiami,G
Tiara,G
Tiarra,G
Tiasha,G
Tieghan,G
Tieva,G
Tifa,G
Tifenn,G
Tiffanie,G
Tiffiny,G
Tiffney,G
Tihanna,G
Tiki,G
Tilda,G
Tilli,G
Tillisa,G
Tilly-May,G
Tilly-Rose,G
Tina-Louise,G
Tiree,G
Tita,G
Tiya,G
Tiyana,G
Toni-Linn,G
Toni-Marie,G
Tonice,G
Tonimarie,G
Topaz,G
Toristefe,G
Torran,G
Torri,G
Torrie,G
Torrin,G
Tracey,G
Tracey-Ann,G
Trinity,G
Trisha,G
Trudi,G
Tsabeh,G
Tuana,G
Tulicia,G
Tumaini,G
Twinkle,G
Tyanna,G
Tykera,G
Tylah,G
Tylar,G
Tylli,G
Tziyona,G
Ugochi,G
Ula,G
Ulani,G
Umamah,G
Umm,G
Umm-E-Rumman,G
Umnia,G
Unathi,G
Unaysah,G
Unique,G
Urszula,G
Urte,G
Vaanya,G
Vaneeza,G
Vanissa,G
Vanya,G
Varshana,G
Varvara,G
Vasilisa,G
Velvet,G
Venus,G
Verity-Rose,G
Vershika,G
Vhari,G
Victorija,G
Victory,G
Vidhi,G
Vidya,G
Viky,G
Villo,G
Viola,G
Violetta,G
Vismaya,G
Vivian,G
Vivianne,G
Vivienne-Mae,G
Wafa,G
Wai,G
Wajiha,G
Wallis,G
Wardah,G
Washam,G
Weam,G
Wen,G
Wenjing,G
Wenyi,G
Wenying,G
Whin,G
Wictoria,G
Wilhelmina,G
Willow-Coco,G
Winifred,G
Winkie,G
Winter,G
Winter-Rose,G
Wiosna-Maria,G
Wren,G
Xara,G
Xi,G
Xinai,G
Xiu,G
Xuan,G
Ya,G
Yamin,G
Yan,G
Yanday,G
Yaqeen,G
Yaqin,G
Yaroslava,G
Yasemin,G
Yashfa,G
Yashika,G
Yasmina,G
Yasna,G
Yathursha,G
Yazmin,G
Yazmyn,G
Yi,G
Yihan,G
Yingqi,G
Yiyi,G
Yla,G
Yochabed,G
Yona,G
Yosan,G
Yosha,G
Yoyo,G
Ysabelle,G
Yuki,G
Yumiko,G
Yusrah,G
Yutso,G
Yvaine,G
Yve,G
Yvie-Louise,G
Yvonne,G
Zaara,G
Zafena,G
Zaheen,G
Zahira,G
Zahrah,G
Zaineb,G
Zainub,G
Zamama,G
Zana,G
Zanib,G
Zara-Vega,G
Zarina,G
Zarrah,G
Zaylie,G
Zayna,G
Zaynash,G
Zaysha,G
Zeena,G
Zelal,G
Zenab,G
Zenib,G
Zeynep-Rose,G
Zhahrah,G
Zhara,G
Zhuhaa,G
Zi,G
Zia,G
Zianna,G
Ziggy,G
Zinachidi,G
Zita,G
Ziyue,G
Zobia,G
Zohar,G
Zohra,G
Zoia,G
Zooey,G
Zophia,G
Zora,G
Zorka,G
Zosia,G
Zou,G
Zoyah,G
Zra,G
Zuha,G
Zunaira,G
Zunairah,G
Zuri,G
Zuzanka,G
Zvikomborero,G
Jack,B
Lewis,B
James,B
Daniel,B
Ethan,B
Logan,B
Alexander,B
Harry,B
Ryan,B
Oliver,B
Aaron,B
Cameron,B
Lucas,B
Riley,B
Matthew,B
Callum,B
Charlie,B
Adam,B
Finlay,B
Aiden,B
Dylan,B
Jamie,B
Alfie,B
Kyle,B
Liam,B
Max,B
Thomas,B
Nathan,B
Connor,B
Jayden,B
Mason,B
Joshua,B
Tyler,B
Rory,B
Andrew,B
Jacob,B
William,B
Noah,B
Kai,B
Leo,B
Archie,B
Michael,B
John,B
Samuel,B
Ben,B
Luke,B
Jay,B
Cole,B
Harris,B
David,B
Caleb,B
Benjamin,B
Fraser,B
Joseph,B
Jake,B
Leon,B
Rhys,B
Aidan,B
Josh,B
Owen,B
Robert,B
Euan,B
Kayden,B
Sam,B
Robbie,B
Calum,B
Arran,B
Oscar,B
Christopher,B
Scott,B
Brodie,B
Angus,B
Harrison,B
Murray,B
Reece,B
Kaiden,B
Muhammad,B
Ewan,B
Finn,B
Ross,B
Sean,B
Ollie,B
Kieran,B
Blair,B
Evan,B
Jude,B
Ruaridh,B
Kian,B
Isaac,B
Mark,B
Taylor,B
Mohammed,B
Cody,B
Corey,B
Declan,B
Lennon,B
Cooper,B
Luca,B
Hamish,B
Jackson,B
Zak,B
George,B
Zac,B
Alex,B
Olly,B
Ciaran,B
Lachlan,B
Blake,B
Charles,B
Theo,B
Stephen,B
Calvin,B
Craig,B
Elliot,B
Struan,B
Harvey,B
Kenzie,B
Steven,B
Anthony,B
Gabriel,B
Gregor,B
Louis,B
Sebastian,B
Hayden,B
Paul,B
Zack,B
Innes,B
Patrick,B
Reuben,B
Shay,B
Zachary,B
Ashton,B
Bailey,B
Brody,B
Carson,B
Ellis,B
Alistair,B
Brandon,B
Conor,B
Jason,B
Jaxon,B
Mohammad,B
Alan,B
Flynn,B
Jonathan,B
Peter,B
Tommy,B
Callan,B
Fergus,B
Filip,B
Jordan,B
Kevin,B
Marcus,B
Zach,B
Austin,B
Danny,B
Henry,B
Jakub,B
Junior,B
Louie,B
Shaun,B
Sonny,B
Lyle,B
Joe,B
Dean,B
Keir,B
Stuart,B
Duncan,B
Ruairidh,B
Toby,B
Cayden,B
Dominic,B
Findlay,B
Ronan,B
Alasdair,B
Billy,B
Darren,B
Dexter,B
Freddie,B
Lee,B
Tristan,B
Caiden,B
Campbell,B
Cian,B
Layton,B
Levi,B
Maxwell,B
Myles,B
Arthur,B
Carter,B
Kacper,B
Oskar,B
Seth,B
Harley,B
Leighton,B
Magnus,B
Rio,B
Ruben,B
Stewart,B
Bradley,B
Joel,B
Ryley,B
Tom,B
Xander,B
Jai,B
Martin,B
Rocco,B
Ayaan,B
Kaleb,B
Nicholas,B
Caelan,B
Edward,B
Eli,B
Gary,B
Hugh,B
Lukas,B
Mackenzie,B
Nathaniel,B
Niall,B
Kerr,B
Szymon,B
Zander,B
Ali,B
Adrian,B
Brian,B
Donald,B
Ian,B
Marc,B
Mitchell,B
Roman,B
Bobby,B
Christian,B
Elijah,B
Frederick,B
Hugo,B
Iain,B
Jaden,B
Jaiden,B
Marcel,B
Oran,B
Aston,B
Casey,B
Colin,B
Hunter,B
Jaxson,B
Alastair,B
Allan,B
Douglas,B
Drew,B
Elliott,B
Ibrahim,B
Jan,B
Justin,B
Lauchlan,B
Lennox,B
Mckenzie,B
Olivier,B
Rudi,B
Travis,B
Xavier,B
Bruce,B
Caden,B
Cohen,B
Igor,B
Jonah,B
Lloyd,B
Nairn,B
Nicolas,B
Patryk,B
Reilly,B
Richard,B
Ruairi,B
Shane,B
Theodore,B
Aleksander,B
Antoni,B
Ayden,B
Conner,B
Dawid,B
Frazer,B
Gavin,B
Kade,B
Kenneth,B
Mateusz,B
Neil,B
Rylan,B
Saul,B
Brendan,B
Cormac,B
Derek,B
Felix,B
Fletcher,B
Fynn,B
Glen,B
Hector,B
Jensen,B
Jenson,B
Kaden,B
Mohamed,B
Rudy,B
Simon,B
Spencer,B
Victor,B
Boyd,B
Cruz,B
Cullen,B
Dillon,B
Dominik,B
Eoin,B
Finley,B
Gordon,B
Grant,B
Keiran,B
Leyton,B
Mac,B
Marco,B
Mikolaj,B
Miller,B
Morgan,B
Nikodem,B
Rian,B
Timothy,B
Wiktor,B
Zane,B
Arron,B
Cillian,B
Dale,B
Devlin,B
Francis,B
Frankie,B
Jared,B
Kelvin,B
Maximilian,B
Michal,B
Milo,B
Muhammed,B
Nico,B
Oliwier,B
Quinn,B
Rayyan,B
Robin,B
Rohan,B
Ruari,B
Will,B
Abdullah,B
Ahmed,B
Ajay,B
Alfred,B
Arlo,B
Clark,B
Coby,B
Jasper,B
Lyall,B
Maison,B
Malcolm,B
Mathew,B
Maximus,B
Philip,B
Ramsay,B
Regan,B
Rylie,B
Sandy,B
Zain,B
Azaan,B
Brayden,B
Curtis,B
Damon,B
Eric,B
Gerard,B
Gregory,B
Johnny,B
Kamran,B
Kane,B
Koby,B
Maksymilian,B
Marley,B
Matteo,B
Miles,B
Murdo,B
Reegan,B
Rowan,B
Ruaraidh,B
Seumas,B
Stefan,B
Vincent,B
Ahmad,B
Aryan,B
Aydin,B
Bartosz,B
Brogan,B
Brooklyn,B
Bryan,B
Bryce,B
Cailean,B
Cain,B
Cal,B
Conall,B
Conlan,B
Damian,B
Deacon,B
Fionn,B
Greg,B
Ibraheem,B
Ivan,B
Joey,B
Julian,B
Keegan,B
Leland,B
Lochlan,B
Luis,B
Luka,B
Markus,B
Phoenix,B
Romeo,B
Russell,B
Rylee,B
Stanley,B
Tony,B
Warren,B
Wilson,B
Aedan,B
Albert,B
Anton,B
Antony,B
Archibald,B
Borys,B
Codi,B
Colby,B
Conrad,B
Cory,B
Damien,B
Dara,B
Elias,B
Eoghan,B
Franciszek,B
Graeme,B
Hassan,B
Henley,B
Jayson,B
John-James,B
Kallum,B
Karol,B
Karson,B
Kristopher,B
Lleyton,B
Mack,B
Mikey,B
Millar,B
Nicol,B
Noel,B
Ricky,B
Roddy,B
Shaye,B
Subhan,B
Tobias,B
Ty,B
Yi,B
Yusuf,B
Braiden,B
Caius,B
Clayton,B
Daniyal,B
Gareth,B
Graham,B
Greig,B
Haris,B
Jaydon,B
Jonas,B
Keenan,B
Kole,B
Konrad,B
Leonard,B
Leonardo,B
Malachy,B
Milosz,B
Mylo,B
Oisin,B
Omar,B
Preston,B
Shae,B
Solomon,B
Tai,B
Tate,B
Thom,B
Tomasz,B
Torin,B
Tymon,B
Zachariah,B
Zakariya,B
Zayn,B
Abdul,B
Barry,B
Bartlomiej,B
Bilal,B
Braydon,B
Cade,B
Callen,B
Charley,B
Colton,B
Danyal,B
Daryl,B
Dawson,B
Derry,B
Erik,B
Eryk,B
Farhan,B
Fred,B
Gethin,B
Grayson,B
Haiden,B
Hasan,B
Kaelan,B
Kale,B
Kalvin,B
Kody,B
Krystian,B
Kyan,B
Kyran,B
Lawson,B
Lucca,B
Macaulay,B
Maxim,B
Maximillian,B
Micah,B
Nate,B
Otis,B
Piotr,B
Rafael,B
Raymond,B
Reagan,B
Rex,B
Rhuaridh,B
Roan,B
Ronin,B
Sachin,B
Shea,B
Sol,B
Syed,B
Tomas,B
Uzair,B
Zakk,B
Zhi,B
Zion,B
Aarav,B
Aarron,B
Aarush,B
Addison,B
Aden,B
Alisdair,B
Ally,B
Amir,B
Anas,B
Andy,B
Aron,B
Asher,B
Aulay,B
Baillie,B
Baxter,B
Beau,B
Bentley,B
Brad,B
Brady,B
Braxton,B
Cailen,B
Calan,B
Carl,B
Carlo,B
Chase,B
Chris,B
Codie,B
Colm,B
Corrie,B
Derren,B
Devin,B
Dillan,B
Dorian,B
Dougal,B
Emil,B
Enzo,B
Gianluca,B
Hari,B
Harri,B
Hashim,B
Holden,B
Hudson,B
Hussain,B
Innis,B
Jace,B
Jacek,B
Jak,B
Jaydan,B
Jayden-James,B
Jed,B
Jerome,B
John-Paul,B
Josiah,B
Kamil,B
Kayleb,B
Keiron,B
Keith,B
Kieron,B
Kobe,B
Kobi,B
Kodi,B
Konnor,B
Kris,B
Kurt,B
Kyler,B
Laurence,B
Leonidas,B
Luc,B
Malachi,B
Mario,B
Matt,B
Maxymilian,B
Munro,B
Nelson,B
Nikolas,B
Norbert,B
Olaf,B
Orran,B
Parker,B
Raja,B
Ranveer,B
Raphael,B
Ray,B
Rayan,B
Rhyan,B
Rico,B
Ritchie,B
Ronnie,B
Seamus,B
Seoras,B
Shahzaib,B
Sion,B
Stan,B
Stevie,B
Talha,B
Taran,B
Teddy,B
Terry,B
Troy,B
Usman,B
Vinnie,B
Wojciech,B
Woody,B
Wyatt,B
Aaran,B
Abu,B
Adyan,B
Ahad,B
Aleks,B
Alessio,B
Alfy,B
Ammar,B
Arham,B
Arnav,B
Asa,B
Axel,B
Ayan,B
Ayman,B
Blaine,B
Bodhi,B
Braden,B
Brodey,B
C-Jay,B
Caeden,B
Cai,B
Cairn,B
Caolan,B
Carrick,B
Casper,B
Clement,B
Cobey,B
Cobi,B
Coen,B
Cohan,B
Conal,B
Crawford,B
Cyrus,B
David-James,B
Davis,B
Dawud,B
Deniz,B
Dennis,B
Devon,B
Dhruv,B
Diarmuid,B
Diyar,B
Donnie,B
Donovan,B
Eduard,B
Edwin,B
Eesa,B
Emmanuel,B
Emmett,B
Emre,B
Ezekiel,B
Fabian,B
Fox,B
Francesco,B
Frank,B
Freddy,B
Fynlay,B
Georgie,B
Gil,B
Giovanni,B
Glenn,B
Griffin,B
Guy,B
Hadyn,B
Hamza,B
Hao,B
Harold,B
Howie,B
Hubert,B
Huey,B
Humza,B
Idrees,B
Idris,B
Indie,B
Ishaq,B
Ivor,B
Jac,B
Jago,B
Jaime,B
Jakob,B
Jamal,B
Jax,B
Jayce,B
Jeremiah,B
Jesse,B
Jock,B
Johnpaul,B
Jon,B
Kadin,B
Kadyn,B
Kaide,B
Kaidyn,B
Kain,B
Kalem,B
Kalen,B
Kallan,B
Karim,B
Kash,B
Kasper,B
Kaya,B
Kaylum,B
Keevan,B
Keighan,B
Kellan,B
Kenny,B
Kenzi,B
Kier,B
Kirk,B
Knox,B
Kodie,B
Korbin,B
Korey,B
Kristian,B
Kuba,B
Kyrin,B
Lachlann,B
Leyland,B
Lochlyn,B
Lucien,B
Lukasz,B
Maciej,B
Marcin,B
Marek,B
Marshall,B
Martyn,B
Mateo,B
Mika,B
Mikael,B
Mike,B
Montgomery,B
Muir,B
Musa,B
Mustafa,B
Nathanael,B
Nevan,B
Nihal,B
Oakley,B
Odhran,B
Oluwatimilehin,B
Orin,B
Padraig,B
Rafe,B
Rajveer,B
Rana,B
Reese,B
Rehan,B
Reid,B
Reiley,B
Rogan,B
Ronald,B
Rueben,B
Sabri,B
Saeed,B
Sami,B
Sammy,B
Sawyer,B
Seanpaul,B
Shivam,B
Stanislaw,B
Sulaiman,B
Taim,B
Taylan,B
Ted,B
Tjay,B
Todd,B
Torrin,B
Umar,B
Walter,B
Yousif,B
Yu,B
Zackary,B
Zayne,B
Aadam,B
Aaren,B
Aarin,B
Aaryan,B
Aayan,B
Abdirahman,B
Abdulaziz,B
Abdulrahman,B
Abel,B
Abraham,B
Abubakar,B
Aditya,B
Adriel,B
Adrien,B
Aeden,B
Aiden-James,B
Aidyn,B
Aj,B
Akram,B
Albie,B
Alexzander,B
Amr,B
Anakin,B
Anders,B
Andreas,B
Andrei,B
Andres,B
Anish,B
Ansh,B
Antonio,B
Arda,B
Areeb,B
Arinzechukwu,B
Arnas,B
Aronas,B
Arsalaan,B
Arsalan,B
Artur,B
Ashley,B
Ashwin,B
Athan,B
Athol,B
Atholl,B
Augustas,B
Auley,B
Avram,B
Aydan,B
Barrie,B
Bayley,B
Benedict,B
Blaire,B
Bo,B
Bobbi,B
Braedan,B
Braedon,B
Brandan,B
Branden,B
Brandon-Lee,B
Brandyn,B
Brennan,B
Brett,B
Broderick,B
Bruno,B
Brycen,B
Byron,B
Cael,B
Cailan,B
Calder,B
Calin,B
Callun,B
Camden,B
Carlin,B
Carlos,B
Carsyn,B
Cathal,B
Cees,B
Charlay,B
Chen,B
Chisom,B
Ciar,B
Cjay,B
Clay,B
Clyde,B
Coben,B
Coire,B
Conlin,B
Connall,B
Connar,B
Connell,B
Corbin,B
Corin,B
Correy,B
Corry,B
Cosmo,B
Coupar,B
Cristian,B
Crusoe,B
Dallas,B
Danial,B
Dante,B
Danyl,B
Darach,B
Daragh,B
Dario,B
Darius,B
Dariusz,B
Darragh,B
Darroch,B
Darryn,B
Davie,B
Declyn,B
Deen,B
Denis,B
Denny,B
Denver,B
Deron,B
Derryn,B
Dewar,B
Diego,B
Dougie,B
Easton,B
Eddie,B
Eden,B
Eithan,B
Eliot,B
Elyas,B
Emanuel,B
Emerson,B
Eoghainn,B
Ernest,B
Eshaan,B
Esteban,B
Ezra,B
Fabio,B
Faris,B
Fearghas,B
Feliks,B
Ferdinand,B
Fin,B
Finnlay,B
Finnley,B
Fionnlagh,B
Forbes,B
Franz,B
Frederic,B
Fredi,B
Fredrick,B
Garry,B
Gaurav,B
Gene,B
Geordie,B
Gideon,B
Gilbert,B
Gillan,B
Gillen,B
Gio,B
Giuseppe,B
Gracjan,B
Gus,B
Hadley,B
Haedyn,B
Haidar,B
Hamad,B
Hamzah,B
Han,B
Harlan,B
Harper,B
Haydn,B
Hughie,B
Husnain,B
Hussein,B
Ignas,B
Irvine,B
Ishan,B
Israel,B
Izaan,B
Jadon,B
Jadyn,B
Jaeden,B
Jaidyn,B
Jakson,B
Jameson,B
Jamey,B
Jase,B
Jaspreet,B
Jaxen,B
Jaydyn,B
Jaymie,B
Jeremi,B
Jeremy,B
Jia,B
Jody,B
Johan,B
Johannes,B
Jonathon,B
Jonnie,B
Jonny,B
Jordie,B
Jordyn,B
Josha,B
Jozef,B
Judah,B
Juliusz,B
Ka,B
Kaeden,B
Kael,B
Kaelen,B
Kaelin,B
Kaif,B
Kal,B
Kalib,B
Kalin,B
Kameron,B
Kasim,B
Kayden-Lee,B
Kaydon,B
Kayne,B
Kayson,B
Keane,B
Keanu,B
Keelan,B
Kelan,B
Kendal,B
Kenzo,B
Khai,B
Khalil,B
Killian,B
Kingston,B
Kiran,B
Koray,B
Kori,B
Krish,B
Krishna,B
Krzysztof,B
Ksawery,B
Kurtis,B
Kuzey,B
Kye,B
Kyron,B
Lang,B
Las,B
Laszlo,B
Lathan,B
Laurie,B
Lawrence,B
Lebron,B
Lenny,B
Levente,B
Lewis-James,B
Linus,B
Llayton,B
Lochlin,B
Lomond,B
Lorcan,B
Lucius,B
Lucus,B
Lyndon,B
Mackie,B
Mackinley,B
Mackintosh,B
Macklin,B
Makenzie,B
Maksym,B
Malachai,B
Malek,B
Mallin,B
Marlo,B
Marti,B
Massimo,B
Matthias,B
Maurice,B
Maverick,B
Mazin,B
Mehmet,B
Micheal,B
Mikail,B
Millan,B
Mitchel,B
Monty,B
Moses,B
Nataniel,B
Nathanial,B
Ned,B
Nevis,B
Nicky,B
Nikita,B
Niko,B
Nils,B
Nojus,B
Nolan,B
Noman,B
Oliwer,B
Olliver,B
Orren,B
Orrin,B
Orry,B
Owain,B
Pablo,B
Paddy,B
Patrik,B
Pawel,B
Payton,B
Pearse,B
Phillip,B
Pierce,B
Pierre,B
Prince,B
Quentin,B
Rafal,B
Rafay,B
Raif,B
Raj,B
Rakan,B
Ralphie,B
Rayaan,B
Rayane,B
Reace,B
Reggie,B
Reiss,B
Rhuari,B
Rhylie,B
Rishaan,B
Rishi,B
River,B
Roary,B
Roberts,B
Roderick,B
Rubin,B
Rufus,B
Rui,B
Rupert,B
Saad,B
Saif,B
Saifullah,B
Sarim,B
Sayed,B
Scot,B
Seb,B
Shah,B
Shaheer,B
Shan,B
Shawn,B
Shayaan,B
Shayan,B
Shayne,B
Somhairle,B
Sorley,B
Steffan,B
Stephan,B
Sukhraj,B
T-Jay,B
Tadiwa,B
Taio,B
Taylor-James,B
Taym,B
Tee,B
Teejay,B
Teo,B
Terence,B
Thorfinn,B
Tiago,B
Tian,B
Tiernan,B
Torran,B
Tristin,B
Tyler-John,B
Tymoteusz,B
Tyrese,B
Veer,B
Vinny,B
Wallace,B
Wen,B
Wesley,B
Wilfred,B
Yahya,B
Yash,B
Yosef,B
Yousaf,B
Yunus,B
Yusaf,B
Yuvraj,B
Zacharie,B
Zaine,B
Zakari,B
Zakaria,B
Zakariyah,B
Zaki,B
Zayaan,B
Ze,B
Zeeshan,B
Zi,B
Ziad,B
Zidane,B
A,B
A-Jay,B
Aabidammar,B
Aadil,B
Aakash,B
Aaron-James,B
Aaron-Matthew,B
Aarran,B
Aashir,B
Abd,B
Abd-Alkudos,B
Abd-Alrahim,B
Abd-Ulmoeen,B
Abdalmalak,B
Abdel,B
Abdelmageed,B
Abdi,B
Abdirahim,B
Abdoul,B
Abdoulnour,B
Abdul-Rahman,B
Abdul-Samad,B
Abdul-Shafi,B
Abdulazis,B
Abdulhay,B
Abdulla,B
Abdulmalik,B
Abdulrahim,B
Abdulrhaman,B
Abdulrhman,B
Abdulsamad,B
Abdur-Rafeh,B
Abdur-Raheem,B
Abdur-Rasheed,B
Abed,B
Abhinav,B
Abid,B
Abinash,B
Able,B
Ablie,B
Abu-Baker,B
Adaan,B
Adaidh,B
Adam-James,B
Adam-John,B
Adan,B
Adarsh,B
Adas,B
Adem,B
Ademiposi,B
Adeoluwa,B
Adepoju,B
Adetokunbo,B
Adhvik,B
Adil,B
Adlai,B
Adlane,B
Adley,B
Adn,B
Adnan,B
Adone,B
Adrians,B
Advay,B
Adyn,B
Aeryn,B
Aeson,B
Affan,B
Afnan,B
Afolarin,B
Afrahim,B
Afrin,B
Agniprava,B
Aharon,B
Ahran,B
Ahron,B
Ahsan,B
Aiden-Jai,B
Aiden-John,B
Aiden-Lee,B
Aidyn-Joseph,B
Ailun,B
Aimal,B
Aiman,B
Airan,B
Airidas,B
Aitor,B
Aivars,B
Ajeesh,B
Ajit,B
Ajnesh,B
Akaash,B
Akinola,B
Akos,B
Akshat,B
Akwasi,B
Al-Amin,B
Al-Hassan,B
Alba-Murray,B
Alberto,B
Alden,B
Alec,B
Aled,B
Alejandro,B
Alek,B
Aleksandar,B
Aleksandr,B
Aleksej,B
Alessandro,B
Alexandar,B
Alexander-John,B
Alf,B
Alfi,B
Alfie-James,B
Alhareth,B
Alharit,B
Aliasa,B
Aliaskar,B
Alinuswe,B
Alister,B
Allister,B
Aloysius,B
Alphie,B
Alvar,B
Alvin,B
Alwaleed,B
Aman,B
Amandeep,B
Amani,B
Amari,B
Amen,B
Amet,B
Ami,B
Ami',B
Amitoj,B
Amjad,B
Ammaar,B
Amun,B
Anagh,B
Anderson,B
Andi,B
Andre,B
Andrejs,B
Andreo,B
Andrew-James,B
Andrew-John,B
Andrian,B
Andrius,B
Andrzej,B
Aneeq,B
Angad,B
Angelo,B
Anh,B
Anirvesh,B
Ankith,B
Annan,B
Ans,B
Anshumaan,B
Anthonie,B
Anthony-James,B
Antonin,B
Anwar,B
Ao,B
Aodhan,B
Aodhi,B
Aonghas,B
Aous,B
Apollo,B
Aqib,B
Aran,B
Aras,B
Arav,B
Archer,B
Arden,B
Ardi,B
Argyll,B
Ari,B
Aria,B
Ariel,B
Arin,B
Arish,B
Arjun,B
Arkadiusz,B
Arlie,B
Armaan,B
Arman,B
Armandas,B
Armando,B
Armands,B
Armin,B
Arnau,B
Arnim,B
Arranjeet,B
Arren,B
Arrondeep,B
Arryn,B
Arsenijs,B
Arshveer,B
Arslan,B
Arthik,B
Arthur-Jack,B
Artiom,B
Arun,B
Arush,B
Arvin,B
Aryeh,B
Arzan,B
Asdulah,B
Ash,B
Ashfaq,B
Ashier,B
Ashley-Mason,B
Ashrith,B
Ashtin,B
Ashton-Jaxen,B
Asif,B
Asim,B
Assil,B
Aston-James,B
Asukulu,B
Atas,B
Atharv,B
Atlas,B
Atticus,B
Austen,B
Austyn,B
Aviel,B
Avikal,B
Avraj,B
Avyay,B
Awais,B
Awesome,B
Ayaz,B
Ayden-Jase,B
Ayob,B
Ayodele,B
Ayokorede,B
Ayomide,B
Ayomiposi,B
Ayooluwakitan,B
Ayoub,B
Ayrton,B
Ayub,B
Ayush,B
Ayyan,B
Ayyoub,B
Azan,B
Azeem,B
Azfar,B
Aziz,B
Babar,B
Bahily,B
Baili,B
Baley,B
Balfour,B
Balin,B
Balmeet,B
Baran,B
Barclay,B
Barnabas,B
Barnaby,B
Barney,B
Bartek,B
Basem,B
Basil,B
Bastian,B
Batch,B
Baylie,B
Baylie-Jon,B
Baylin,B
Bayliss,B
Bazil,B
Bazyli,B
Belal,B
Bence,B
Benito,B
Benjamyn,B
Bennet,B
Benoni-Ciunna,B
Berkay,B
Bert,B
Bhav,B
Bhreac,B
Billyjoe,B
Bjorn,B
Blaise,B
Blane,B
Blayke,B
Blayn,B
Blayr,B
Blayre,B
Blaze,B
Blazej,B
Blessing,B
Boaz,B
Bobbie,B
Bohao,B
Boleslav,B
Bonham,B
Boo-Tiger,B
Boris,B
Boston,B
Bowie,B
Bradan,B
Braedynn,B
Brajan,B
Bramwell,B
Bran,B
Brannon,B
Braxton-Rocco,B
Braydan,B
Braylon,B
Bremner,B
Brendyn,B
Brennen,B
Brenton,B
Brock,B
Brodee,B
Broden,B
Brodyn,B
Brolin,B
Brook,B
Brooke,B
Bruce-Lee,B
Brydin,B
Brydon,B
Bryn,B
Buchanan,B
Buddy,B
Bulcsu,B
Bulut,B
Burt,B
Cadell,B
Cadyn,B
Caedan,B
Caelab,B
Caelean,B
Caeleb-Lee,B
Caelen,B
Caelum,B
Caesar,B
Caetano,B
Cahal,B
Caidyn,B
Caie,B
Caile,B
Cailin,B
Caillen,B
Caine,B
Cairney,B
Cairo,B
Calab,B
Calai,B
Cale,B
Calim,B
Callem,B
Callum-James,B
Callum-Lee,B
Calum-Fraser,B
Calum-James,B
Camdyn,B
Camron,B
Camryn,B
Caoimhinn,B
Carlisle,B
Carrson,B
Carsan,B
Carter-James,B
Cash,B
Casian,B
Caspar,B
Cassius,B
Castiel,B
Caue,B
Cavan,B
Cayde,B
Caydon,B
Cayhlin,B
Cayne,B
Cayrn,B
Cee,B
Cee-Jay,B
Cem,B
Chad,B
Chai,B
Chaise,B
Chanjot,B
Charlee,B
Charlie-Alexander,B
Charliedavid,B
Charliedon,B
Charly,B
Chay,B
Chayil,B
Chayse,B
Che,B
Cheng,B
Chesney,B
Chester,B
Chi,B
Chibuike,B
Chidubem,B
Chizirimobiya,B
Christie,B
Christly,B
Christopher-Jay,B
Christopher-John,B
Christopher-Lee,B
Christos,B
Christy,B
Chukwuagoziem,B
Chukwuka,B
Chukwunyem,B
Chun,B
Ciaren,B
Cidad,B
Cieran,B
Cihan-Kayden,B
Clarence,B
Clarke,B
Clinty,B
Coast,B
Cobie,B
Cobyn,B
Cody-Jack,B
Colbie,B
Colby-James,B
Coleton,B
Coll,B
Collin,B
Colson,B
Colt,B
Conan,B
Conar,B
Connan,B
Connar-Lee,B
Conner-Jack,B
Conolyn,B
Conroy,B
Cooper-James,B
Coran,B
Corban,B
Corben,B
Corbyn,B
Cori-James,B
Cormack,B
Corran,B
Cosmos,B
Couper,B
Cowan,B
Cristiano,B
Cruise,B
Cupar,B
Cyprian,B
Cyren,B
Daan,B
Daegan,B
Daetyn,B
Dainius,B
Daintin,B
Dainton,B
Dakota,B
Daksh,B
Dalaigh,B
Dalton,B
Dami,B
Damion,B
Danel,B
Daniel-James,B
Danielius,B
Daniell,B
Daniels,B
Daniil,B
Danish,B
Darcy,B
Darien,B
Darn,B
Darpan,B
Darragh-David,B
Darrah,B
Darran,B
Darrel,B
Darron,B
Darryl,B
Darsh,B
Daryll,B
Daryn,B
Dave,B
Davey,B
David-Kevan,B
Davidlee,B
Dawda,B
Dawood,B
Dax,B
Dayle,B
Daylen,B
Dayne,B
Dayvin,B
Deaglan,B
Decklyn,B
Declin,B
Declyan,B
Deimianas,B
Deimonas,B
Deklyn,B
Delaney,B
Delight,B
Demarcus,B
Demetrios,B
Demilade,B
Demir,B
Denas,B
Deni,B
Denislav,B
Dennon,B
Denzil,B
Deon,B
Dercyn,B
Derick,B
Dermot,B
Dermott,B
Derran,B
Derri,B
Derrick,B
Derrin,B
Derzie,B
Destiny,B
Dev,B
Devan,B
Devdaksh,B
Devlyn,B
Devyn,B
Dex,B
Dhaill,B
Dhanyal,B
Dherry,B
Dhian,B
Dhruva,B
Diago,B
Diangelo,B
Diarmad,B
Didmantas,B
Didula,B
Diesel,B
Diesel-Joe,B
Dilan,B
Dilanas,B
Dillin,B
Dilraj,B
Dilveer,B
Ding,B
Dino,B
Divine,B
Divit,B
Dixin,B
Dj,B
Djarir,B
Dmitri,B
Dmitrii,B
Domanik,B
Domenic,B
Domenico,B
Domeniks,B
Domhnall,B
Dominick,B
Dominique,B
Dominykas,B
Domonkos,B
Donagh,B
Donal,B
Donato,B
Donnacha,B
Douglas-Craig,B
Doyle,B
Drae,B
Drake,B
Dre,B
Drue,B
Drummond,B
Duarte,B
Dubem,B
Duncan-James,B
Dushan,B
Dustin,B
Dylan-Lee,B
Dylan-Mackie,B
Dylen,B
Dyllan,B
Dzonatans,B
Eaden,B
Eaghan,B
Eamon,B
Eany,B
Eashan,B
Eason,B
Eben,B
Edanne,B
Eddy,B
Edin,B
Edison,B
Edoardo,B
Eduards,B
Edvardas,B
Edwyn,B
Efe,B
Efecan,B
Egan,B
Eghosa,B
Eian,B
Eilan,B
Eimantas,B
Eimhin,B
Eirik,B
Eisa,B
Eivydas,B
Ekamdeep,B
Ekkam,B
Elam,B
Elan,B
Elbert,B
Eliakim,B
Eliass,B
Elies,B
Elijus,B
Eljay,B
Elnathan,B
Eloi,B
Elvin,B
Elvis,B
Elwan,B
Elwin,B
Elwood,B
Elyan,B
Emad,B
Emile,B
Emilien,B
Emilio,B
Emilis,B
Emils,B
Enes,B
Ennor,B
Enoch,B
Enrique,B
Eoighan,B
Ephraim,B
Eren,B
Erikas,B
Erin,B
Erlend,B
Erlin,B
Esaa,B
Esah,B
Eshan,B
Eskander,B
Essa,B
Essien,B
Ethan-James,B
Ethan-Lewis,B
Ethan-Myles,B
Ethan-Thomas,B
Ethyn,B
Etienne,B
Etonna,B
Eugene,B
Eulon,B
Evahn,B
Evaldas,B
Evander,B
Eyad,B
Ezaan,B
Ezz,B
Fahad,B
Faisal,B
Faizaan,B
Fardeen,B
Fareid,B
Faroug,B
Faust,B
Favour,B
Fawwazudeen,B
Fei,B
Fenton,B
Fergal,B
Ferghus,B
Ferrier,B
Filips,B
Finbar,B
Finbarr,B
Findley,B
Finlay-Kian,B
Finley-Jack,B
Finnlagh,B
Fintan,B
Firth,B
Flinn,B
Florin,B
Floyd,B
Flyn,B
Forrest,B
Fouzan,B
Franco,B
Francois,B
Franki,B
Franky,B
Frazey,B
Freddi,B
Freddie-John,B
Fuyao,B
Fynnlea,B
Gabbie,B
Gabe,B
Gabrielius,B
Gael,B
Gaibrial,B
Ganigan,B
Garron,B
Garv,B
Gary-Brian,B
Gbolahan,B
Geo,B
Geoffrey,B
George-James,B
Georges,B
Georgi,B
Georgios,B
German,B
Gerry,B
Giancarlo,B
Giedrius,B
Gilberto,B
Gillespie,B
Gillies,B
Gillon,B
Gioele,B
Gong,B
Govind,B
Grann,B
Gray,B
Greyson,B
Griffen,B
Grigor,B
Grzegorz,B
Gurakshay,B
Gurdas,B
Gurpreet,B
Gursewak,B
Gurtaran,B
Gurveer,B
Gustave,B
Gwilym,B
Gwion,B
Gyuney,B
Hadeed,B
Hadees,B
Hadi,B
Hagan,B
Haider,B
Haidyn,B
Hal,B
Hamaad,B
Hamdan,B
Hamid,B
Hamilton,B
Hammaad,B
Hammad,B
Hamysh,B
Hanrui,B
Hansen,B
Hardeep,B
Harishan,B
Harley-James,B
Harley-Junior,B
Harley-Rae,B
Harli,B
Harman,B
Harmandeep,B
Harmanjot,B
Harmanveer,B
Haroon,B
Harri-Lee,B
Harron,B
Harshil,B
Harun,B
Harvie,B
Haryuvraj,B
Hasaan,B
Hasangokhan,B
Haseeb,B
Haydon,B
Hayes,B
Hayyaan,B
Hayyan,B
Hazem,B
Haziq,B
He,B
Heath,B
Heersa,B
Heng,B
Henleigh,B
Henry-James,B
Henryk,B
Herman,B
Hess-Floyd,B
Hewie,B
Hidde,B
Hojwal,B
Hong,B
Hongshuo,B
Hooman,B
Hou,B
Howard,B
Hrithik,B
Humam,B
Hunter-Jack,B
Huo,B
Hurairah,B
Husain,B
Husam,B
Huxley,B
Huzaifa,B
Huzaifah,B
Iacob,B
Iagan,B
Iason,B
Ibaad,B
Iestyn,B
Ifeoluwa,B
Ifraz,B
Ignacio,B
Ignacy,B
Ihlay,B
Iker,B
Ilie,B
Ilyas,B
Imilian,B
Immanuel,B
Imran,B
Inderpreet,B
Inderveer,B
Indiana,B
Inigo,B
Inoke,B
Inwelle,B
Iollan,B
Iosif,B
Iqbal,B
Irvin,B
Irving,B
Is-Haaq,B
Isaiah,B
Isha,B
Ismail,B
Isreal,B
Issac,B
Ivyn,B
Izaac,B
Izack,B
Izhak,B
J,B
J-Jay,B
Jaccob,B
Jachym,B
Jackie,B
Jackjames,B
Jacques,B
Jae,B
Jagmohan,B
Jai-Dhe,B
Jaideep,B
Jaiden-James,B
Jaiden-Lee,B
Jaidynn,B
Jaimie,B
Jaishan,B
Jaiyi,B
Jake-James,B
Jakk,B
James-Alan,B
James-Andrew,B
James-Daniel,B
James-Dean,B
James-John,B
James-Paul,B
Jamiel,B
Jamil,B
Jamin,B
Janusz,B
Japjot,B
Jarell,B
Jaren,B
Jaron,B
Jarrad,B
Jarred,B
Jas,B
Jaskaran,B
Jaskirat,B
Javier,B
Jaxin,B
Jaxson-James,B
Jaxx,B
Jaxyn,B
Jay-Myer,B
Jayadeep,B
Jayden-Cole,B
Jayden-Lee,B
Jaydyn-John,B
Jayke,B
Jaylen,B
Jaymae,B
Jaymes,B
Jaz,B
Jean,B
Jean-Charles,B
Jean-Pierre,B
Jeevan,B
Jeevithan,B
Jeffrey,B
Jehan,B
Jeivan,B
Jemba,B
Jensyn,B
Jericho,B
Jervis,B
Jesper,B
Jess,B
Jesuslovesme,B
Jethro,B
Jett,B
Jeyshan,B
Jeyshanthan,B
Jhailen,B
Jiarui,B
Jibran,B
Jie,B
Jiejing,B
Jimmi,B
Jinesh,B
Jingwen,B
Jinhong,B
Jinyong,B
Jitesh,B
Jj,B
Joao,B
Joash,B
Jodon,B
Joeldean,B
Joey-Lucas,B
John-Alexander,B
John-David,B
John-Jivan,B
John-Williams,B
Johnathan,B
Johnlewis,B
Johnnie,B
Johnross,B
Johnston,B
Johvan,B
Jon-Ross,B
Jonatan,B
Jonothan,B
Jonty,B
Jorah,B
Jordanlee,B
Jorden,B
Joseph-Alexander,B
Josh-Joseph,B
Joshua-Dean,B
Jotham,B
Juan,B
Jubaeth,B
Judd,B
Jujhar,B
Jules,B
Julius,B
Junaid,B
Juntier,B
Justyn,B
Kaan,B
Kaboentle,B
Kace,B
Kacey,B
Kaedon,B
Kaedyn,B
Kage,B
Kaidan,B
Kaidan-James,B
Kaidance,B
Kaiden-Lee,B
Kaidin,B
Kaidon,B
Kail,B
Kailem,B
Kailen,B
Kaiming,B
Kaio,B
Kairav,B
Kaison,B
Kaisyn,B
Kaiyan,B
Kajetan,B
Kajole,B
Kalan,B
Kalel,B
Kalli,B
Kalman,B
Kaloyan,B
Kalub,B
Kalvyn,B
Kamal,B
Kamryn,B
Kaobichukwudi,B
Kaolin,B
Kar,B
Kareem,B
Karel,B
Karl,B
Karlis,B
Karsyn,B
Karunveer,B
Kase,B
Kasjan,B
Kason,B
Kasparas,B
Kathan,B
Kavin,B
Kavinda,B
Kawan,B
Kayal,B
Kaydan,B
Kayde,B
Kaydn,B
Kaylan,B
Kaylob,B
Kaylom,B
Kazim,B
Keagan,B
Keaghan,B
Kealan,B
Kean,B
Keanan,B
Kearney,B
Keaton,B
Keatyn,B
Keean,B
Kegan,B
Kei,B
Keilan,B
Keilen,B
Keillan,B
Kein,B
Kein-Lee,B
Keinan,B
Keiran-Lee,B
Kell,B
Kellas,B
Kelvyn,B
Kemoring,B
Kemro,B
Kendall,B
Keng,B
Kenley,B
Kennedy,B
Kenneth-Anthony,B
Kennily,B
Kennzie,B
Kentaro,B
Kenzie-Lee,B
Kepa,B
Kester,B
Kevin-Leigh,B
Kexun,B
Keyaan,B
Keyvan,B
Khalam,B
Khaled,B
Khalid,B
Kheller,B
Kheo,B
Khian-Grant,B
Khizar,B
Khol,B
Ki-Gavin,B
Kiaghn,B
Kian-Dean,B
Kiann,B
Kiean,B
Kiegan,B
Kielan,B
Kien,B
Kiernach,B
Kiian,B
Kilukeni,B
Kingsley,B
Kino,B
Kinsie,B
Kirby,B
Kirill,B
Kishan,B
Kit,B
Kitt,B
Kiyan,B
Klarc,B
Klayton,B
Kobie,B
Kobimtochukwu,B
Koden,B
Kodi-Joseph,B
Koen,B
Koeplin,B
Kohdie,B
Kojo,B
Kolbie,B
Komeno,B
Koner,B
Konnor-Lee,B
Konstandinos,B
Korae,B
Korbin-Ray,B
Kordian,B
Kornel,B
Kornelis,B
Kory,B
Kosisochi,B
Kosisochukwu,B
Kostas,B
Krishan,B
Krishiva,B
Kristers,B
Kristians,B
Kristofer,B
Krystyan,B
Ksavery,B
Kshitiz,B
Kudzai,B
Kulan,B
Kurato,B
Kwabena,B
Kwasi,B
Kyeran,B
Kylar,B
Kyllian,B
Kylo,B
Kynon,B
Kynzli,B
Kyriakos,B
Kyro,B
Lachlin,B
Laedemi,B
Laighton,B
Laird,B
Laith,B
Landon,B
Laryn,B
Lauchlen,B
Laughlin,B
Lauklyn,B
Lawin,B
Lawrie,B
Layson,B
Laythan,B
Layton-Joe,B
Layton-Paul,B
Layun,B
Leahm,B
Leanardo,B
Leandro,B
Lee-James,B
Leelan,B
Leeryan,B
Leevi,B
Legion,B
Lehi,B
Lehon,B
Leigham,B
Leighton-James,B
Leiland,B
Leith,B
Leivi,B
Lelan,B
Lelind,B
Lemuel,B
Lenix,B
Lennart,B
Lennie,B
Lennyn,B
Lenox,B
Leona,B
Leonel,B
Leroy,B
Leto,B
Levi-George,B
Levi-James,B
Levii,B
Levin,B
Levis,B
Lewes,B
Lewis-Scott,B
Lex,B
Lexx,B
Leyon,B
Li,B
Liam-James,B
Lilly,B
Lincoln,B
Lione,B
Liston,B
Ljayy,B
Lochart,B
Lochlain,B
Locklan,B
Logan-James,B
Loghan,B
Loki,B
Lorenzo,B
Loui,B
Lubega,B
Luca-Scott,B
Lucas-Jay,B
Lucian,B
Lucuas,B
Luigi,B
Lukah,B
Lukenzo,B
Lyev,B
Lyndon-Jac,B
M'kyah,B
Macallan,B
Macauley,B
Macaully,B
Macen,B
Macgregor,B
Mackinnon,B
Madden,B
Maddox,B
Maesyn,B
Magsud,B
Mahad,B
Mahmoud,B
Maico,B
Makenzi,B
Maki,B
Maks,B
Maksim,B
Maksimilian,B
Maksims,B
Makya,B
Malachy-Jay,B
Mani,B
Manni,B
Manraj,B
Manthan,B
Manus,B
Manveer,B
Maoyan,B
Marc-Elie,B
Marc-Jnr,B
Marcelo,B
Marhan,B
Mariusz,B
Markos,B
Markuss,B
Marli,B
Martinas,B
Martins,B
Martius,B
Marty,B
Martynas,B
Marvin,B
Marwan,B
Masson,B
Masyn,B
Matas,B
Matei,B
Matej,B
Mateus,B
Matias,B
Matis,B
Matisse,B
Matthieau-John,B
Matti,B
Matus,B
Matvej,B
Matyas,B
Mawahad,B
Maxence,B
Maxie,B
Maxsymilian,B
Maxwel,B
Mayson,B
Mckallan,B
Mckenzi,B
Mckenzie-James,B
Mckenzie-Jay,B
Mckinley,B
Mclaren,B
Md,B
Mehtab,B
Mei,B
Mekhi,B
Melchizedek,B
Melrick,B
Mersin,B
Mestwin,B
Michael-Anthony,B
Michael-John,B
Michael-Paul,B
Michele,B
Mickey,B
Mihai,B
Mihail,B
Mikaal,B
Mikaayil,B
Mikaeel,B
Mikee,B
Mikhael,B
Mikhail,B
Miklos,B
Milan,B
Milanas,B
Miley,B
Mils,B
Milsz,B
Ming,B
Mintaras,B
Miquel,B
Miran,B
Mircea,B
Miroslav,B
Mirza,B
Mitch,B
Miyan,B
Mj,B
Mmunga,B
Moaid,B
Moath,B
Mofifoluwa,B
Mohab,B
Mohammad-Mosa,B
Mohanad,B
Mohand,B
Mohith,B
Mohottalage,B
Mohsin,B
Moiz,B
Momin,B
Moosa,B
Moray,B
Moreno,B
Morghan,B
Morris,B
Morten,B
Mostafa,B
Mousa,B